Workbook
Name SETUP_LPHWF: Config!$B$18
Name SETUP_LPHWR: Config!$B$19
Name SETUP_CHWF: Config!$B$20
Name SETUP_CHWR: Config!$B$21
Name SETUP_CP: Config!$B$23
Name SETUP_N: Config!$B$24
Name SETUP_AMBIENT: Config!$B$22

Sheet Metadata
A1: Column1 | B1: Column2
A2: DocumentNumber | B2: ='Revision page'!B19
A3: ScheduleName | B3: ='Revision page'!B22
A4: Revision | B4: ='Revision page'!B14
A5: IssueDate | B5: ='Revision page'!B15
A6: Status | B6: ='Revision page'!B20
A7: StatusDescription | B7: ='Revision page'!B21
A8: EquipmentCode | B8: =Config!$B$2

Sheet Front Cover
A11: Intended for
A12: =Config!$B$5
A14: Date
A15: ='Revision page'!B15
A17: Document number
A18: ='Revision page'!B19
A20: Revision
A21: ='Revision page'!B14&" "&'Revision page'!B20
A41: =Config!$B$6
A42: PUMP SCHEDULE

Sheet Revision page
A3: =Config!$B$6
A4: PUMP SCHEDULE
A10: Project Name | B10: =Config!$B$6
A11: Project no. | B11: =Config!$B$7
A12: Recipient | B12: =Config!$B$5
A13: Document type | B13: SC
A14: Revision | B14: =IFERROR(IF(INDEX($A$42:$A$61,MAX(1,COUNTA($A$42:$A$61)))="","",IF(INDEX($A$42:$A$61,MAX(1,COUNTA($A$42:$A$61)))=0,"",INDEX($A$42:$A$61,MAX(1,COUNTA($A$42:$A$61))))),"")
A15: Date | B15: =IFERROR(IF(INDEX($C$42:$C$61,MAX(1,COUNTA($A$42:$A$61)))="","",IF(INDEX($C$42:$C$61,MAX(1,COUNTA($A$42:$A$61)))=0,"",INDEX($C$42:$C$61,MAX(1,COUNTA($A$42:$A$61))))),"")
A16: Prepared by | B16: =IFERROR(IF(INDEX($D$42:$D$61,MAX(1,COUNTA($A$42:$A$61)))="","",IF(INDEX($D$42:$D$61,MAX(1,COUNTA($A$42:$A$61)))=0,"",INDEX($D$42:$D$61,MAX(1,COUNTA($A$42:$A$61))))),"")
A17: Checked by | B17: =IFERROR(IF(INDEX($E$42:$E$61,MAX(1,COUNTA($A$42:$A$61)))="","",IF(INDEX($E$42:$E$61,MAX(1,COUNTA($A$42:$A$61)))=0,"",INDEX($E$42:$E$61,MAX(1,COUNTA($A$42:$A$61))))),"")
A18: Approved by | B18: =IFERROR(IF(INDEX($F$42:$F$61,MAX(1,COUNTA($A$42:$A$61)))="","",IF(INDEX($F$42:$F$61,MAX(1,COUNTA($A$42:$A$61)))=0,"",INDEX($F$42:$F$61,MAX(1,COUNTA($A$42:$A$61))))),"")
A19: Document no | B19: =Config!$B$4
A20: Suitability Status | B20: =IFERROR(LEFT(INDEX($B$42:$B$61,MAX(1,COUNTA($A$42:$A$61))),FIND(" -",INDEX($B$42:$B$61,MAX(1,COUNTA($A$42:$A$61))))-1),"")
A21: Suitability Description | B21: =IFERROR(MID(INDEX($B$42:$B$61,MAX(1,COUNTA($A$42:$A$61))),FIND("- ",INDEX($B$42:$B$61,MAX(1,COUNTA($A$42:$A$61))))+2,200),"")
A22: Schedule name | B22: Pump Schedule
A24: Delref Classification | B24: G00300
A25: BSUID
A26: Trigger Events
A28: Rows 10 to 22 derive from the last completed row of the revision log below. Do not type into them.
A41: Revision | B41: Status | C41: Date | D41: Prepared by | E41: Checked by | F41: Approved by | G41: Description
A42: P01 | B42: S2 - Suitable for Information | C42: 46259 | D42: AG | E42: LJ | F42: RS | G42: First issue

Sheet Schedule
A1: Pump Schedule
A2: General Notes: [1] This equipment schedule must be read in conjunction and in compliance with the associated drawings, specification and design risk assessment. [2] All equipment is scheduled on a performance basis. The contractor is responsible for confirming final selections with the manufacturer and for verifying that the selected equipment meets the scheduled duties. [3] Dimensions and weights are indicative and must be confirmed against manufacturer certified drawings prior to builderswork and structural sign-off. [4] Where a duty or dimension is amended, the contractor shall notify the designer before ordering. [5] Calculated columns are derived from the entered design data and the project design constants. Do not overwrite them.
A4: Pump Reference | B4: Location | C4: System Served | D4: Arrangement | E4: Fluid | F4: Glycol Content | G4: Fluid Temperature | H4: Duty Flow Rate | I4: Duty Head | J4: Absorbed Power | K4: Model Reference | L4: Manufacturer | M4: Pump Type | N4: Motor Rated Power | O4: Motor Efficiency Class | P4: Speed Control | Q4: Electrical Supply | R4: Connection Size | S4: Length | T4: Width | U4: Height | V4: Weight | W4: Duty Head | X4: Hydraulic Power | Y4: Overall Efficiency | Z4: Motor Loading
F5: % | G5: °C | H5: l/s | I5: kPa | J5: kW | N5: kW | R5: mm | S5: mm | T5: mm | U5: mm | V5: kg | W5: m | X5: kW | Y5: % | Z5: %
A6: P-01A | B6: Level 03 Plantroom | C6: LPHW Heating Circuit | D6: Duty / Standby | E6: Water | F6: 0 | G6: 70 | H6: 3.6 | I6: 145 | J6: 0.92 | K6: PUMP-EXAMPLE-01 | L6: =IF($K6="","",IFERROR(INDEX(Library!$B$3:$B$2000,MATCH($K6,Library!$A$3:$A$2000,0)),"NOT FOUND")) | M6: =IF($K6="","",IFERROR(INDEX(Library!$C$3:$C$2000,MATCH($K6,Library!$A$3:$A$2000,0)),"NOT FOUND")) | N6: =IF($K6="","",IFERROR(INDEX(Library!$D$3:$D$2000,MATCH($K6,Library!$A$3:$A$2000,0)),"NOT FOUND")) | O6: =IF($K6="","",IFERROR(INDEX(Library!$E$3:$E$2000,MATCH($K6,Library!$A$3:$A$2000,0)),"NOT FOUND")) | P6: =IF($K6="","",IFERROR(INDEX(Library!$F$3:$F$2000,MATCH($K6,Library!$A$3:$A$2000,0)),"NOT FOUND")) | Q6: =IF($K6="","",IFERROR(INDEX(Library!$G$3:$G$2000,MATCH($K6,Library!$A$3:$A$2000,0)),"NOT FOUND")) | R6: =IF($K6="","",IFERROR(INDEX(Library!$H$3:$H$2000,MATCH($K6,Library!$A$3:$A$2000,0)),"NOT FOUND")) | S6: =IF($K6="","",IFERROR(INDEX(Library!$I$3:$I$2000,MATCH($K6,Library!$A$3:$A$2000,0)),"NOT FOUND")) | T6: =IF($K6="","",IFERROR(INDEX(Library!$J$3:$J$2000,MATCH($K6,Library!$A$3:$A$2000,0)),"NOT FOUND")) | U6: =IF($K6="","",IFERROR(INDEX(Library!$K$3:$K$2000,MATCH($K6,Library!$A$3:$A$2000,0)),"NOT FOUND")) | V6: =IF($K6="","",IFERROR(INDEX(Library!$L$3:$L$2000,MATCH($K6,Library!$A$3:$A$2000,0)),"NOT FOUND")) | W6: =IF($A6="","",IFERROR($I6/9.81,"")) | X6: =IF($A6="","",IFERROR($H6*$I6/1000,"")) | Y6: =IF($A6="","",IFERROR(100*$H6*$I6/1000/$J6,"")) | Z6: =IF($A6="","",IFERROR(100*$J6/$N6,""))
L7: =IF($K7="","",IFERROR(INDEX(Library!$B$3:$B$2000,MATCH($K7,Library!$A$3:$A$2000,0)),"NOT FOUND")) | M7: =IF($K7="","",IFERROR(INDEX(Library!$C$3:$C$2000,MATCH($K7,Library!$A$3:$A$2000,0)),"NOT FOUND")) | N7: =IF($K7="","",IFERROR(INDEX(Library!$D$3:$D$2000,MATCH($K7,Library!$A$3:$A$2000,0)),"NOT FOUND")) | O7: =IF($K7="","",IFERROR(INDEX(Library!$E$3:$E$2000,MATCH($K7,Library!$A$3:$A$2000,0)),"NOT FOUND")) | P7: =IF($K7="","",IFERROR(INDEX(Library!$F$3:$F$2000,MATCH($K7,Library!$A$3:$A$2000,0)),"NOT FOUND")) | Q7: =IF($K7="","",IFERROR(INDEX(Library!$G$3:$G$2000,MATCH($K7,Library!$A$3:$A$2000,0)),"NOT FOUND")) | R7: =IF($K7="","",IFERROR(INDEX(Library!$H$3:$H$2000,MATCH($K7,Library!$A$3:$A$2000,0)),"NOT FOUND")) | S7: =IF($K7="","",IFERROR(INDEX(Library!$I$3:$I$2000,MATCH($K7,Library!$A$3:$A$2000,0)),"NOT FOUND")) | T7: =IF($K7="","",IFERROR(INDEX(Library!$J$3:$J$2000,MATCH($K7,Library!$A$3:$A$2000,0)),"NOT FOUND")) | U7: =IF($K7="","",IFERROR(INDEX(Library!$K$3:$K$2000,MATCH($K7,Library!$A$3:$A$2000,0)),"NOT FOUND")) | V7: =IF($K7="","",IFERROR(INDEX(Library!$L$3:$L$2000,MATCH($K7,Library!$A$3:$A$2000,0)),"NOT FOUND")) | W7: =IF($A7="","",IFERROR($I7/9.81,"")) | X7: =IF($A7="","",IFERROR($H7*$I7/1000,"")) | Y7: =IF($A7="","",IFERROR(100*$H7*$I7/1000/$J7,"")) | Z7: =IF($A7="","",IFERROR(100*$J7/$N7,""))
L8: =IF($K8="","",IFERROR(INDEX(Library!$B$3:$B$2000,MATCH($K8,Library!$A$3:$A$2000,0)),"NOT FOUND")) | M8: =IF($K8="","",IFERROR(INDEX(Library!$C$3:$C$2000,MATCH($K8,Library!$A$3:$A$2000,0)),"NOT FOUND")) | N8: =IF($K8="","",IFERROR(INDEX(Library!$D$3:$D$2000,MATCH($K8,Library!$A$3:$A$2000,0)),"NOT FOUND")) | O8: =IF($K8="","",IFERROR(INDEX(Library!$E$3:$E$2000,MATCH($K8,Library!$A$3:$A$2000,0)),"NOT FOUND")) | P8: =IF($K8="","",IFERROR(INDEX(Library!$F$3:$F$2000,MATCH($K8,Library!$A$3:$A$2000,0)),"NOT FOUND")) | Q8: =IF($K8="","",IFERROR(INDEX(Library!$G$3:$G$2000,MATCH($K8,Library!$A$3:$A$2000,0)),"NOT FOUND")) | R8: =IF($K8="","",IFERROR(INDEX(Library!$H$3:$H$2000,MATCH($K8,Library!$A$3:$A$2000,0)),"NOT FOUND")) | S8: =IF($K8="","",IFERROR(INDEX(Library!$I$3:$I$2000,MATCH($K8,Library!$A$3:$A$2000,0)),"NOT FOUND")) | T8: =IF($K8="","",IFERROR(INDEX(Library!$J$3:$J$2000,MATCH($K8,Library!$A$3:$A$2000,0)),"NOT FOUND")) | U8: =IF($K8="","",IFERROR(INDEX(Library!$K$3:$K$2000,MATCH($K8,Library!$A$3:$A$2000,0)),"NOT FOUND")) | V8: =IF($K8="","",IFERROR(INDEX(Library!$L$3:$L$2000,MATCH($K8,Library!$A$3:$A$2000,0)),"NOT FOUND")) | W8: =IF($A8="","",IFERROR($I8/9.81,"")) | X8: =IF($A8="","",IFERROR($H8*$I8/1000,"")) | Y8: =IF($A8="","",IFERROR(100*$H8*$I8/1000/$J8,"")) | Z8: =IF($A8="","",IFERROR(100*$J8/$N8,""))
L9: =IF($K9="","",IFERROR(INDEX(Library!$B$3:$B$2000,MATCH($K9,Library!$A$3:$A$2000,0)),"NOT FOUND")) | M9: =IF($K9="","",IFERROR(INDEX(Library!$C$3:$C$2000,MATCH($K9,Library!$A$3:$A$2000,0)),"NOT FOUND")) | N9: =IF($K9="","",IFERROR(INDEX(Library!$D$3:$D$2000,MATCH($K9,Library!$A$3:$A$2000,0)),"NOT FOUND")) | O9: =IF($K9="","",IFERROR(INDEX(Library!$E$3:$E$2000,MATCH($K9,Library!$A$3:$A$2000,0)),"NOT FOUND")) | P9: =IF($K9="","",IFERROR(INDEX(Library!$F$3:$F$2000,MATCH($K9,Library!$A$3:$A$2000,0)),"NOT FOUND")) | Q9: =IF($K9="","",IFERROR(INDEX(Library!$G$3:$G$2000,MATCH($K9,Library!$A$3:$A$2000,0)),"NOT FOUND")) | R9: =IF($K9="","",IFERROR(INDEX(Library!$H$3:$H$2000,MATCH($K9,Library!$A$3:$A$2000,0)),"NOT FOUND")) | S9: =IF($K9="","",IFERROR(INDEX(Library!$I$3:$I$2000,MATCH($K9,Library!$A$3:$A$2000,0)),"NOT FOUND")) | T9: =IF($K9="","",IFERROR(INDEX(Library!$J$3:$J$2000,MATCH($K9,Library!$A$3:$A$2000,0)),"NOT FOUND")) | U9: =IF($K9="","",IFERROR(INDEX(Library!$K$3:$K$2000,MATCH($K9,Library!$A$3:$A$2000,0)),"NOT FOUND")) | V9: =IF($K9="","",IFERROR(INDEX(Library!$L$3:$L$2000,MATCH($K9,Library!$A$3:$A$2000,0)),"NOT FOUND")) | W9: =IF($A9="","",IFERROR($I9/9.81,"")) | X9: =IF($A9="","",IFERROR($H9*$I9/1000,"")) | Y9: =IF($A9="","",IFERROR(100*$H9*$I9/1000/$J9,"")) | Z9: =IF($A9="","",IFERROR(100*$J9/$N9,""))
L10: =IF($K10="","",IFERROR(INDEX(Library!$B$3:$B$2000,MATCH($K10,Library!$A$3:$A$2000,0)),"NOT FOUND")) | M10: =IF($K10="","",IFERROR(INDEX(Library!$C$3:$C$2000,MATCH($K10,Library!$A$3:$A$2000,0)),"NOT FOUND")) | N10: =IF($K10="","",IFERROR(INDEX(Library!$D$3:$D$2000,MATCH($K10,Library!$A$3:$A$2000,0)),"NOT FOUND")) | O10: =IF($K10="","",IFERROR(INDEX(Library!$E$3:$E$2000,MATCH($K10,Library!$A$3:$A$2000,0)),"NOT FOUND")) | P10: =IF($K10="","",IFERROR(INDEX(Library!$F$3:$F$2000,MATCH($K10,Library!$A$3:$A$2000,0)),"NOT FOUND")) | Q10: =IF($K10="","",IFERROR(INDEX(Library!$G$3:$G$2000,MATCH($K10,Library!$A$3:$A$2000,0)),"NOT FOUND")) | R10: =IF($K10="","",IFERROR(INDEX(Library!$H$3:$H$2000,MATCH($K10,Library!$A$3:$A$2000,0)),"NOT FOUND")) | S10: =IF($K10="","",IFERROR(INDEX(Library!$I$3:$I$2000,MATCH($K10,Library!$A$3:$A$2000,0)),"NOT FOUND")) | T10: =IF($K10="","",IFERROR(INDEX(Library!$J$3:$J$2000,MATCH($K10,Library!$A$3:$A$2000,0)),"NOT FOUND")) | U10: =IF($K10="","",IFERROR(INDEX(Library!$K$3:$K$2000,MATCH($K10,Library!$A$3:$A$2000,0)),"NOT FOUND")) | V10: =IF($K10="","",IFERROR(INDEX(Library!$L$3:$L$2000,MATCH($K10,Library!$A$3:$A$2000,0)),"NOT FOUND")) | W10: =IF($A10="","",IFERROR($I10/9.81,"")) | X10: =IF($A10="","",IFERROR($H10*$I10/1000,"")) | Y10: =IF($A10="","",IFERROR(100*$H10*$I10/1000/$J10,"")) | Z10: =IF($A10="","",IFERROR(100*$J10/$N10,""))
L11: =IF($K11="","",IFERROR(INDEX(Library!$B$3:$B$2000,MATCH($K11,Library!$A$3:$A$2000,0)),"NOT FOUND")) | M11: =IF($K11="","",IFERROR(INDEX(Library!$C$3:$C$2000,MATCH($K11,Library!$A$3:$A$2000,0)),"NOT FOUND")) | N11: =IF($K11="","",IFERROR(INDEX(Library!$D$3:$D$2000,MATCH($K11,Library!$A$3:$A$2000,0)),"NOT FOUND")) | O11: =IF($K11="","",IFERROR(INDEX(Library!$E$3:$E$2000,MATCH($K11,Library!$A$3:$A$2000,0)),"NOT FOUND")) | P11: =IF($K11="","",IFERROR(INDEX(Library!$F$3:$F$2000,MATCH($K11,Library!$A$3:$A$2000,0)),"NOT FOUND")) | Q11: =IF($K11="","",IFERROR(INDEX(Library!$G$3:$G$2000,MATCH($K11,Library!$A$3:$A$2000,0)),"NOT FOUND")) | R11: =IF($K11="","",IFERROR(INDEX(Library!$H$3:$H$2000,MATCH($K11,Library!$A$3:$A$2000,0)),"NOT FOUND")) | S11: =IF($K11="","",IFERROR(INDEX(Library!$I$3:$I$2000,MATCH($K11,Library!$A$3:$A$2000,0)),"NOT FOUND")) | T11: =IF($K11="","",IFERROR(INDEX(Library!$J$3:$J$2000,MATCH($K11,Library!$A$3:$A$2000,0)),"NOT FOUND")) | U11: =IF($K11="","",IFERROR(INDEX(Library!$K$3:$K$2000,MATCH($K11,Library!$A$3:$A$2000,0)),"NOT FOUND")) | V11: =IF($K11="","",IFERROR(INDEX(Library!$L$3:$L$2000,MATCH($K11,Library!$A$3:$A$2000,0)),"NOT FOUND")) | W11: =IF($A11="","",IFERROR($I11/9.81,"")) | X11: =IF($A11="","",IFERROR($H11*$I11/1000,"")) | Y11: =IF($A11="","",IFERROR(100*$H11*$I11/1000/$J11,"")) | Z11: =IF($A11="","",IFERROR(100*$J11/$N11,""))
L12: =IF($K12="","",IFERROR(INDEX(Library!$B$3:$B$2000,MATCH($K12,Library!$A$3:$A$2000,0)),"NOT FOUND")) | M12: =IF($K12="","",IFERROR(INDEX(Library!$C$3:$C$2000,MATCH($K12,Library!$A$3:$A$2000,0)),"NOT FOUND")) | N12: =IF($K12="","",IFERROR(INDEX(Library!$D$3:$D$2000,MATCH($K12,Library!$A$3:$A$2000,0)),"NOT FOUND")) | O12: =IF($K12="","",IFERROR(INDEX(Library!$E$3:$E$2000,MATCH($K12,Library!$A$3:$A$2000,0)),"NOT FOUND")) | P12: =IF($K12="","",IFERROR(INDEX(Library!$F$3:$F$2000,MATCH($K12,Library!$A$3:$A$2000,0)),"NOT FOUND")) | Q12: =IF($K12="","",IFERROR(INDEX(Library!$G$3:$G$2000,MATCH($K12,Library!$A$3:$A$2000,0)),"NOT FOUND")) | R12: =IF($K12="","",IFERROR(INDEX(Library!$H$3:$H$2000,MATCH($K12,Library!$A$3:$A$2000,0)),"NOT FOUND")) | S12: =IF($K12="","",IFERROR(INDEX(Library!$I$3:$I$2000,MATCH($K12,Library!$A$3:$A$2000,0)),"NOT FOUND")) | T12: =IF($K12="","",IFERROR(INDEX(Library!$J$3:$J$2000,MATCH($K12,Library!$A$3:$A$2000,0)),"NOT FOUND")) | U12: =IF($K12="","",IFERROR(INDEX(Library!$K$3:$K$2000,MATCH($K12,Library!$A$3:$A$2000,0)),"NOT FOUND")) | V12: =IF($K12="","",IFERROR(INDEX(Library!$L$3:$L$2000,MATCH($K12,Library!$A$3:$A$2000,0)),"NOT FOUND")) | W12: =IF($A12="","",IFERROR($I12/9.81,"")) | X12: =IF($A12="","",IFERROR($H12*$I12/1000,"")) | Y12: =IF($A12="","",IFERROR(100*$H12*$I12/1000/$J12,"")) | Z12: =IF($A12="","",IFERROR(100*$J12/$N12,""))
L13: =IF($K13="","",IFERROR(INDEX(Library!$B$3:$B$2000,MATCH($K13,Library!$A$3:$A$2000,0)),"NOT FOUND")) | M13: =IF($K13="","",IFERROR(INDEX(Library!$C$3:$C$2000,MATCH($K13,Library!$A$3:$A$2000,0)),"NOT FOUND")) | N13: =IF($K13="","",IFERROR(INDEX(Library!$D$3:$D$2000,MATCH($K13,Library!$A$3:$A$2000,0)),"NOT FOUND")) | O13: =IF($K13="","",IFERROR(INDEX(Library!$E$3:$E$2000,MATCH($K13,Library!$A$3:$A$2000,0)),"NOT FOUND")) | P13: =IF($K13="","",IFERROR(INDEX(Library!$F$3:$F$2000,MATCH($K13,Library!$A$3:$A$2000,0)),"NOT FOUND")) | Q13: =IF($K13="","",IFERROR(INDEX(Library!$G$3:$G$2000,MATCH($K13,Library!$A$3:$A$2000,0)),"NOT FOUND")) | R13: =IF($K13="","",IFERROR(INDEX(Library!$H$3:$H$2000,MATCH($K13,Library!$A$3:$A$2000,0)),"NOT FOUND")) | S13: =IF($K13="","",IFERROR(INDEX(Library!$I$3:$I$2000,MATCH($K13,Library!$A$3:$A$2000,0)),"NOT FOUND")) | T13: =IF($K13="","",IFERROR(INDEX(Library!$J$3:$J$2000,MATCH($K13,Library!$A$3:$A$2000,0)),"NOT FOUND")) | U13: =IF($K13="","",IFERROR(INDEX(Library!$K$3:$K$2000,MATCH($K13,Library!$A$3:$A$2000,0)),"NOT FOUND")) | V13: =IF($K13="","",IFERROR(INDEX(Library!$L$3:$L$2000,MATCH($K13,Library!$A$3:$A$2000,0)),"NOT FOUND")) | W13: =IF($A13="","",IFERROR($I13/9.81,"")) | X13: =IF($A13="","",IFERROR($H13*$I13/1000,"")) | Y13: =IF($A13="","",IFERROR(100*$H13*$I13/1000/$J13,"")) | Z13: =IF($A13="","",IFERROR(100*$J13/$N13,""))
L14: =IF($K14="","",IFERROR(INDEX(Library!$B$3:$B$2000,MATCH($K14,Library!$A$3:$A$2000,0)),"NOT FOUND")) | M14: =IF($K14="","",IFERROR(INDEX(Library!$C$3:$C$2000,MATCH($K14,Library!$A$3:$A$2000,0)),"NOT FOUND")) | N14: =IF($K14="","",IFERROR(INDEX(Library!$D$3:$D$2000,MATCH($K14,Library!$A$3:$A$2000,0)),"NOT FOUND")) | O14: =IF($K14="","",IFERROR(INDEX(Library!$E$3:$E$2000,MATCH($K14,Library!$A$3:$A$2000,0)),"NOT FOUND")) | P14: =IF($K14="","",IFERROR(INDEX(Library!$F$3:$F$2000,MATCH($K14,Library!$A$3:$A$2000,0)),"NOT FOUND")) | Q14: =IF($K14="","",IFERROR(INDEX(Library!$G$3:$G$2000,MATCH($K14,Library!$A$3:$A$2000,0)),"NOT FOUND")) | R14: =IF($K14="","",IFERROR(INDEX(Library!$H$3:$H$2000,MATCH($K14,Library!$A$3:$A$2000,0)),"NOT FOUND")) | S14: =IF($K14="","",IFERROR(INDEX(Library!$I$3:$I$2000,MATCH($K14,Library!$A$3:$A$2000,0)),"NOT FOUND")) | T14: =IF($K14="","",IFERROR(INDEX(Library!$J$3:$J$2000,MATCH($K14,Library!$A$3:$A$2000,0)),"NOT FOUND")) | U14: =IF($K14="","",IFERROR(INDEX(Library!$K$3:$K$2000,MATCH($K14,Library!$A$3:$A$2000,0)),"NOT FOUND")) | V14: =IF($K14="","",IFERROR(INDEX(Library!$L$3:$L$2000,MATCH($K14,Library!$A$3:$A$2000,0)),"NOT FOUND")) | W14: =IF($A14="","",IFERROR($I14/9.81,"")) | X14: =IF($A14="","",IFERROR($H14*$I14/1000,"")) | Y14: =IF($A14="","",IFERROR(100*$H14*$I14/1000/$J14,"")) | Z14: =IF($A14="","",IFERROR(100*$J14/$N14,""))
L15: =IF($K15="","",IFERROR(INDEX(Library!$B$3:$B$2000,MATCH($K15,Library!$A$3:$A$2000,0)),"NOT FOUND")) | M15: =IF($K15="","",IFERROR(INDEX(Library!$C$3:$C$2000,MATCH($K15,Library!$A$3:$A$2000,0)),"NOT FOUND")) | N15: =IF($K15="","",IFERROR(INDEX(Library!$D$3:$D$2000,MATCH($K15,Library!$A$3:$A$2000,0)),"NOT FOUND")) | O15: =IF($K15="","",IFERROR(INDEX(Library!$E$3:$E$2000,MATCH($K15,Library!$A$3:$A$2000,0)),"NOT FOUND")) | P15: =IF($K15="","",IFERROR(INDEX(Library!$F$3:$F$2000,MATCH($K15,Library!$A$3:$A$2000,0)),"NOT FOUND")) | Q15: =IF($K15="","",IFERROR(INDEX(Library!$G$3:$G$2000,MATCH($K15,Library!$A$3:$A$2000,0)),"NOT FOUND")) | R15: =IF($K15="","",IFERROR(INDEX(Library!$H$3:$H$2000,MATCH($K15,Library!$A$3:$A$2000,0)),"NOT FOUND")) | S15: =IF($K15="","",IFERROR(INDEX(Library!$I$3:$I$2000,MATCH($K15,Library!$A$3:$A$2000,0)),"NOT FOUND")) | T15: =IF($K15="","",IFERROR(INDEX(Library!$J$3:$J$2000,MATCH($K15,Library!$A$3:$A$2000,0)),"NOT FOUND")) | U15: =IF($K15="","",IFERROR(INDEX(Library!$K$3:$K$2000,MATCH($K15,Library!$A$3:$A$2000,0)),"NOT FOUND")) | V15: =IF($K15="","",IFERROR(INDEX(Library!$L$3:$L$2000,MATCH($K15,Library!$A$3:$A$2000,0)),"NOT FOUND")) | W15: =IF($A15="","",IFERROR($I15/9.81,"")) | X15: =IF($A15="","",IFERROR($H15*$I15/1000,"")) | Y15: =IF($A15="","",IFERROR(100*$H15*$I15/1000/$J15,"")) | Z15: =IF($A15="","",IFERROR(100*$J15/$N15,""))
L16: =IF($K16="","",IFERROR(INDEX(Library!$B$3:$B$2000,MATCH($K16,Library!$A$3:$A$2000,0)),"NOT FOUND")) | M16: =IF($K16="","",IFERROR(INDEX(Library!$C$3:$C$2000,MATCH($K16,Library!$A$3:$A$2000,0)),"NOT FOUND")) | N16: =IF($K16="","",IFERROR(INDEX(Library!$D$3:$D$2000,MATCH($K16,Library!$A$3:$A$2000,0)),"NOT FOUND")) | O16: =IF($K16="","",IFERROR(INDEX(Library!$E$3:$E$2000,MATCH($K16,Library!$A$3:$A$2000,0)),"NOT FOUND")) | P16: =IF($K16="","",IFERROR(INDEX(Library!$F$3:$F$2000,MATCH($K16,Library!$A$3:$A$2000,0)),"NOT FOUND")) | Q16: =IF($K16="","",IFERROR(INDEX(Library!$G$3:$G$2000,MATCH($K16,Library!$A$3:$A$2000,0)),"NOT FOUND")) | R16: =IF($K16="","",IFERROR(INDEX(Library!$H$3:$H$2000,MATCH($K16,Library!$A$3:$A$2000,0)),"NOT FOUND")) | S16: =IF($K16="","",IFERROR(INDEX(Library!$I$3:$I$2000,MATCH($K16,Library!$A$3:$A$2000,0)),"NOT FOUND")) | T16: =IF($K16="","",IFERROR(INDEX(Library!$J$3:$J$2000,MATCH($K16,Library!$A$3:$A$2000,0)),"NOT FOUND")) | U16: =IF($K16="","",IFERROR(INDEX(Library!$K$3:$K$2000,MATCH($K16,Library!$A$3:$A$2000,0)),"NOT FOUND")) | V16: =IF($K16="","",IFERROR(INDEX(Library!$L$3:$L$2000,MATCH($K16,Library!$A$3:$A$2000,0)),"NOT FOUND")) | W16: =IF($A16="","",IFERROR($I16/9.81,"")) | X16: =IF($A16="","",IFERROR($H16*$I16/1000,"")) | Y16: =IF($A16="","",IFERROR(100*$H16*$I16/1000/$J16,"")) | Z16: =IF($A16="","",IFERROR(100*$J16/$N16,""))
L17: =IF($K17="","",IFERROR(INDEX(Library!$B$3:$B$2000,MATCH($K17,Library!$A$3:$A$2000,0)),"NOT FOUND")) | M17: =IF($K17="","",IFERROR(INDEX(Library!$C$3:$C$2000,MATCH($K17,Library!$A$3:$A$2000,0)),"NOT FOUND")) | N17: =IF($K17="","",IFERROR(INDEX(Library!$D$3:$D$2000,MATCH($K17,Library!$A$3:$A$2000,0)),"NOT FOUND")) | O17: =IF($K17="","",IFERROR(INDEX(Library!$E$3:$E$2000,MATCH($K17,Library!$A$3:$A$2000,0)),"NOT FOUND")) | P17: =IF($K17="","",IFERROR(INDEX(Library!$F$3:$F$2000,MATCH($K17,Library!$A$3:$A$2000,0)),"NOT FOUND")) | Q17: =IF($K17="","",IFERROR(INDEX(Library!$G$3:$G$2000,MATCH($K17,Library!$A$3:$A$2000,0)),"NOT FOUND")) | R17: =IF($K17="","",IFERROR(INDEX(Library!$H$3:$H$2000,MATCH($K17,Library!$A$3:$A$2000,0)),"NOT FOUND")) | S17: =IF($K17="","",IFERROR(INDEX(Library!$I$3:$I$2000,MATCH($K17,Library!$A$3:$A$2000,0)),"NOT FOUND")) | T17: =IF($K17="","",IFERROR(INDEX(Library!$J$3:$J$2000,MATCH($K17,Library!$A$3:$A$2000,0)),"NOT FOUND")) | U17: =IF($K17="","",IFERROR(INDEX(Library!$K$3:$K$2000,MATCH($K17,Library!$A$3:$A$2000,0)),"NOT FOUND")) | V17: =IF($K17="","",IFERROR(INDEX(Library!$L$3:$L$2000,MATCH($K17,Library!$A$3:$A$2000,0)),"NOT FOUND")) | W17: =IF($A17="","",IFERROR($I17/9.81,"")) | X17: =IF($A17="","",IFERROR($H17*$I17/1000,"")) | Y17: =IF($A17="","",IFERROR(100*$H17*$I17/1000/$J17,"")) | Z17: =IF($A17="","",IFERROR(100*$J17/$N17,""))
L18: =IF($K18="","",IFERROR(INDEX(Library!$B$3:$B$2000,MATCH($K18,Library!$A$3:$A$2000,0)),"NOT FOUND")) | M18: =IF($K18="","",IFERROR(INDEX(Library!$C$3:$C$2000,MATCH($K18,Library!$A$3:$A$2000,0)),"NOT FOUND")) | N18: =IF($K18="","",IFERROR(INDEX(Library!$D$3:$D$2000,MATCH($K18,Library!$A$3:$A$2000,0)),"NOT FOUND")) | O18: =IF($K18="","",IFERROR(INDEX(Library!$E$3:$E$2000,MATCH($K18,Library!$A$3:$A$2000,0)),"NOT FOUND")) | P18: =IF($K18="","",IFERROR(INDEX(Library!$F$3:$F$2000,MATCH($K18,Library!$A$3:$A$2000,0)),"NOT FOUND")) | Q18: =IF($K18="","",IFERROR(INDEX(Library!$G$3:$G$2000,MATCH($K18,Library!$A$3:$A$2000,0)),"NOT FOUND")) | R18: =IF($K18="","",IFERROR(INDEX(Library!$H$3:$H$2000,MATCH($K18,Library!$A$3:$A$2000,0)),"NOT FOUND")) | S18: =IF($K18="","",IFERROR(INDEX(Library!$I$3:$I$2000,MATCH($K18,Library!$A$3:$A$2000,0)),"NOT FOUND")) | T18: =IF($K18="","",IFERROR(INDEX(Library!$J$3:$J$2000,MATCH($K18,Library!$A$3:$A$2000,0)),"NOT FOUND")) | U18: =IF($K18="","",IFERROR(INDEX(Library!$K$3:$K$2000,MATCH($K18,Library!$A$3:$A$2000,0)),"NOT FOUND")) | V18: =IF($K18="","",IFERROR(INDEX(Library!$L$3:$L$2000,MATCH($K18,Library!$A$3:$A$2000,0)),"NOT FOUND")) | W18: =IF($A18="","",IFERROR($I18/9.81,"")) | X18: =IF($A18="","",IFERROR($H18*$I18/1000,"")) | Y18: =IF($A18="","",IFERROR(100*$H18*$I18/1000/$J18,"")) | Z18: =IF($A18="","",IFERROR(100*$J18/$N18,""))
... L45: =IF($K45="","",IFERROR(INDEX(Library!$B$3:$B$2000,MATCH($K45,Library!$A$3:$A$2000,0)),"NOT FOUND")) | M45: =IF($K45="","",IFERROR(INDEX(Library!$C$3:$C$2000,MATCH($K45,Library!$A$3:$A$2000,0)),"NOT FOUND")) | N45: =IF($K45="","",IFERROR(INDEX(Library!$D$3:$D$2000,MATCH($K45,Library!$A$3:$A$2000,0)),"NOT FOUND")) | O45: =IF($K45="","",IFERROR(INDEX(Library!$E$3:$E$2000,MATCH($K45,Library!$A$3:$A$2000,0)),"NOT FOUND")) | P45: =IF($K45="","",IFERROR(INDEX(Library!$F$3:$F$2000,MATCH($K45,Library!$A$3:$A$2000,0)),"NOT FOUND")) | Q45: =IF($K45="","",IFERROR(INDEX(Library!$G$3:$G$2000,MATCH($K45,Library!$A$3:$A$2000,0)),"NOT FOUND")) | R45: =IF($K45="","",IFERROR(INDEX(Library!$H$3:$H$2000,MATCH($K45,Library!$A$3:$A$2000,0)),"NOT FOUND")) | S45: =IF($K45="","",IFERROR(INDEX(Library!$I$3:$I$2000,MATCH($K45,Library!$A$3:$A$2000,0)),"NOT FOUND")) | T45: =IF($K45="","",IFERROR(INDEX(Library!$J$3:$J$2000,MATCH($K45,Library!$A$3:$A$2000,0)),"NOT FOUND")) | U45: =IF($K45="","",IFERROR(INDEX(Library!$K$3:$K$2000,MATCH($K45,Library!$A$3:$A$2000,0)),"NOT FOUND")) | V45: =IF($K45="","",IFERROR(INDEX(Library!$L$3:$L$2000,MATCH($K45,Library!$A$3:$A$2000,0)),"NOT FOUND")) | W45: =IF($A45="","",IFERROR($I45/9.81,"")) | X45: =IF($A45="","",IFERROR($H45*$I45/1000,"")) | Y45: =IF($A45="","",IFERROR(100*$H45*$I45/1000/$J45,"")) | Z45: =IF($A45="","",IFERROR(100*$J45/$N45,""))

Sheet Config
A1: Key | B1: Value
A2: EquipmentCode | B2: PUMP
A3: ScheduleName | B3: Pump Schedule
A4: DocumentNumber | B4: Z9A6461Y19-BOV-5_6-PROJECTNUMBER-SC-M-00000013-G00300-XX-XX
A5: Client | B5: SAMPLECLIENT
A6: Project Name | B6: SAMPLE PROJECT
A7: Project Number | B7: Z9A6461Y19
A8: Site Address
A9: Architect
A10: Main Contractor
A11: RIBA Stage | B11: Stage 4
A12: Prepared By | B12: AG
A13: Checked By | B13: LJ
A14: Approved By | B14: RS
A15: path_project_info | B15: C:\\SharePoint\\Project\\Schedules\\MAINPROJECTINFO.xlsx
A16: path_equipment_library | B16: C:\\SharePoint\\Company\\MEP Library\\EQUIPMENT_LIBRARY_MASTER.xlsx
A17: path_submissions_folder | B17: C:\\SharePoint\\Company\\MEP Library\\submissions
A18: LPHW Flow Temperature (degC) | B18: 70
A19: LPHW Return Temperature (degC) | B19: 50
A20: CHW Flow Temperature (degC) | B20: 6
A21: CHW Return Temperature (degC) | B21: 12
A22: Design Ambient Temperature (degC) | B22: 21
A23: Specific Heat Capacity of Water (kJ/kgK) | B23: 4.18
A24: EN 442 Radiator Exponent (n) | B24: 1.3
A26: Written at build time as values. 'Refresh Project Data' updates the project rows from the central MAINPROJECTINFO file.

Sheet Lists
A1: Status | C1: Revision
A2: S0 - Work in Progress | C2: P01
A3: S1 - Suitable for Coordination | C3: P02
A4: S2 - Suitable for Information | C4: P03
A5: S3 - Suitable for Review and Comment | C5: P04
A6: S4 - Suitable for Stage Approval | C6: P05
A7: S5 - Suitable for Client Acceptance | C7: P06
A8: A1 - Authorised and Accepted | C8: P07
A9: B1 - Partial Sign-off, Accepted with Comments | C9: P08
C10: P09
C11: P10
C12: P11
C13: P12
C14: P13
C15: P14
C16: P15
C17: P16
C18: P17
C19: P18
C20: P19
C21: P20
... C31: C10

Sheet Library
A1: Model Reference | B1: Manufacturer | C1: Pump Type | D1: Motor Rated Power | E1: Motor Efficiency Class | F1: Speed Control | G1: Electrical Supply | H1: Connection Size | I1: Length | J1: Width | K1: Height | L1: Weight
D2: kW | H2: mm | I2: mm | J2: mm | K2: mm | L2: kg
A3: PUMP-EXAMPLE-01 | B3: Grundfos | C3: Inline Twin Head | D3: 1.5 | E3: IE5 | F3: Integrated VSD | G3: 400V/3ph/50Hz | H3: 50 | I3: 480 | J3: 320 | K3: 560 | L3: 62
