Workbook
Name SETUP_LPHWF: Config!$B$18
Name SETUP_LPHWR: Config!$B$19
Name SETUP_CHWF: Config!$B$20
Name SETUP_CHWR: Config!$B$21
Name SETUP_CP: Config!$B$23
Name SETUP_N: Config!$B$24
Name SETUP_AMBIENT: Config!$B$22

Sheet Metadata
A1: Column1 | B1: Column2
A2: DocumentNumber | B2: ='Revision page'!B19
A3: ScheduleName | B3: ='Revision page'!B22
A4: Revision | B4: ='Revision page'!B14
A5: IssueDate | B5: ='Revision page'!B15
A6: Status | B6: ='Revision page'!B20
A7: StatusDescription | B7: ='Revision page'!B21
A8: EquipmentCode | B8: =Config!$B$2

Sheet Front Cover
A11: Intended for
A12: =Config!$B$5
A14: Date
A15: ='Revision page'!B15
A17: Document number
A18: ='Revision page'!B19
A20: Revision
A21: ='Revision page'!B14&" "&'Revision page'!B20
A41: =Config!$B$6
A42: SUPPLY AIR TERMINAL SCHEDULE

Sheet Revision page
A3: =Config!$B$6
A4: SUPPLY AIR TERMINAL SCHEDULE
A10: Project Name | B10: =Config!$B$6
A11: Project no. | B11: =Config!$B$7
A12: Recipient | B12: =Config!$B$5
A13: Document type | B13: SC
A14: Revision | B14: =IFERROR(IF(INDEX($A$42:$A$61,MAX(1,COUNTA($A$42:$A$61)))="","",IF(INDEX($A$42:$A$61,MAX(1,COUNTA($A$42:$A$61)))=0,"",INDEX($A$42:$A$61,MAX(1,COUNTA($A$42:$A$61))))),"")
A15: Date | B15: =IFERROR(IF(INDEX($C$42:$C$61,MAX(1,COUNTA($A$42:$A$61)))="","",IF(INDEX($C$42:$C$61,MAX(1,COUNTA($A$42:$A$61)))=0,"",INDEX($C$42:$C$61,MAX(1,COUNTA($A$42:$A$61))))),"")
A16: Prepared by | B16: =IFERROR(IF(INDEX($D$42:$D$61,MAX(1,COUNTA($A$42:$A$61)))="","",IF(INDEX($D$42:$D$61,MAX(1,COUNTA($A$42:$A$61)))=0,"",INDEX($D$42:$D$61,MAX(1,COUNTA($A$42:$A$61))))),"")
A17: Checked by | B17: =IFERROR(IF(INDEX($E$42:$E$61,MAX(1,COUNTA($A$42:$A$61)))="","",IF(INDEX($E$42:$E$61,MAX(1,COUNTA($A$42:$A$61)))=0,"",INDEX($E$42:$E$61,MAX(1,COUNTA($A$42:$A$61))))),"")
A18: Approved by | B18: =IFERROR(IF(INDEX($F$42:$F$61,MAX(1,COUNTA($A$42:$A$61)))="","",IF(INDEX($F$42:$F$61,MAX(1,COUNTA($A$42:$A$61)))=0,"",INDEX($F$42:$F$61,MAX(1,COUNTA($A$42:$A$61))))),"")
A19: Document no | B19: =Config!$B$4
A20: Suitability Status | B20: =IFERROR(LEFT(INDEX($B$42:$B$61,MAX(1,COUNTA($A$42:$A$61))),FIND(" -",INDEX($B$42:$B$61,MAX(1,COUNTA($A$42:$A$61))))-1),"")
A21: Suitability Description | B21: =IFERROR(MID(INDEX($B$42:$B$61,MAX(1,COUNTA($A$42:$A$61))),FIND("- ",INDEX($B$42:$B$61,MAX(1,COUNTA($A$42:$A$61))))+2,200),"")
A22: Schedule name | B22: Supply Air Terminal Schedule
A24: Delref Classification | B24: G00300
A25: BSUID
A26: Trigger Events
A28: Rows 10 to 22 derive from the last completed row of the revision log below. Do not type into them.
A41: Revision | B41: Status | C41: Date | D41: Prepared by | E41: Checked by | F41: Approved by | G41: Description
A42: P01 | B42: S2 - Suitable for Information | C42: 46259 | D42: AG | E42: LJ | F42: RS | G42: First issue

Sheet Schedule
A1: Supply Air Terminal Schedule
A2: General Notes: [1] This equipment schedule must be read in conjunction and in compliance with the associated drawings, specification and design risk assessment. [2] All equipment is scheduled on a performance basis. The contractor is responsible for confirming final selections with the manufacturer and for verifying that the selected equipment meets the scheduled duties. [3] Dimensions and weights are indicative and must be confirmed against manufacturer certified drawings prior to builderswork and structural sign-off. [4] Where a duty or dimension is amended, the contractor shall notify the designer before ordering. [5] Calculated columns are derived from the entered design data and the project design constants. Do not overwrite them.
A4: Reference | B4: Location | C4: Room Served | D4: Quantity | E4: Airflow per Terminal | F4: Mounting Height | G4: Pressure Drop | H4: Noise Level | I4: Model Reference | J4: Manufacturer | K4: Terminal Type | L4: Face Size | M4: Neck Size | N4: Free Area | O4: Neck Area | P4: Discharge Pattern | Q4: Damper Type | R4: Material / Finish | S4: Total Airflow | T4: Face Velocity | U4: Neck Velocity
E5: l/s | F5: m | G5: Pa | H5: NR | L5: mm | M5: mm | N5: m² | O5: m² | S5: l/s | T5: m/s | U5: m/s
A6: SD-2-01 | B6: Level 02 | C6: Open Plan Office | D6: 6 | E6: 75 | F6: 2.7 | G6: 18 | H6: 30 | I6: SUPGRILLE-EXAMPLE-01 | J6: =IF($I6="","",IFERROR(INDEX(Library!$B$3:$B$2000,MATCH($I6,Library!$A$3:$A$2000,0)),"NOT FOUND")) | K6: =IF($I6="","",IFERROR(INDEX(Library!$C$3:$C$2000,MATCH($I6,Library!$A$3:$A$2000,0)),"NOT FOUND")) | L6: =IF($I6="","",IFERROR(INDEX(Library!$D$3:$D$2000,MATCH($I6,Library!$A$3:$A$2000,0)),"NOT FOUND")) | M6: =IF($I6="","",IFERROR(INDEX(Library!$E$3:$E$2000,MATCH($I6,Library!$A$3:$A$2000,0)),"NOT FOUND")) | N6: =IF($I6="","",IFERROR(INDEX(Library!$F$3:$F$2000,MATCH($I6,Library!$A$3:$A$2000,0)),"NOT FOUND")) | O6: =IF($I6="","",IFERROR(INDEX(Library!$G$3:$G$2000,MATCH($I6,Library!$A$3:$A$2000,0)),"NOT FOUND")) | P6: =IF($I6="","",IFERROR(INDEX(Library!$H$3:$H$2000,MATCH($I6,Library!$A$3:$A$2000,0)),"NOT FOUND")) | Q6: =IF($I6="","",IFERROR(INDEX(Library!$I$3:$I$2000,MATCH($I6,Library!$A$3:$A$2000,0)),"NOT FOUND")) | R6: =IF($I6="","",IFERROR(INDEX(Library!$J$3:$J$2000,MATCH($I6,Library!$A$3:$A$2000,0)),"NOT FOUND")) | S6: =IF($A6="","",IFERROR($D6*$E6,"")) | T6: =IF($A6="","",IFERROR($E6/1000/$N6,"")) | U6: =IF($A6="","",IFERROR($E6/1000/$O6,""))
J7: =IF($I7="","",IFERROR(INDEX(Library!$B$3:$B$2000,MATCH($I7,Library!$A$3:$A$2000,0)),"NOT FOUND")) | K7: =IF($I7="","",IFERROR(INDEX(Library!$C$3:$C$2000,MATCH($I7,Library!$A$3:$A$2000,0)),"NOT FOUND")) | L7: =IF($I7="","",IFERROR(INDEX(Library!$D$3:$D$2000,MATCH($I7,Library!$A$3:$A$2000,0)),"NOT FOUND")) | M7: =IF($I7="","",IFERROR(INDEX(Library!$E$3:$E$2000,MATCH($I7,Library!$A$3:$A$2000,0)),"NOT FOUND")) | N7: =IF($I7="","",IFERROR(INDEX(Library!$F$3:$F$2000,MATCH($I7,Library!$A$3:$A$2000,0)),"NOT FOUND")) | O7: =IF($I7="","",IFERROR(INDEX(Library!$G$3:$G$2000,MATCH($I7,Library!$A$3:$A$2000,0)),"NOT FOUND")) | P7: =IF($I7="","",IFERROR(INDEX(Library!$H$3:$H$2000,MATCH($I7,Library!$A$3:$A$2000,0)),"NOT FOUND")) | Q7: =IF($I7="","",IFERROR(INDEX(Library!$I$3:$I$2000,MATCH($I7,Library!$A$3:$A$2000,0)),"NOT FOUND")) | R7: =IF($I7="","",IFERROR(INDEX(Library!$J$3:$J$2000,MATCH($I7,Library!$A$3:$A$2000,0)),"NOT FOUND")) | S7: =IF($A7="","",IFERROR($D7*$E7,"")) | T7: =IF($A7="","",IFERROR($E7/1000/$N7,"")) | U7: =IF($A7="","",IFERROR($E7/1000/$O7,""))
J8: =IF($I8="","",IFERROR(INDEX(Library!$B$3:$B$2000,MATCH($I8,Library!$A$3:$A$2000,0)),"NOT FOUND")) | K8: =IF($I8="","",IFERROR(INDEX(Library!$C$3:$C$2000,MATCH($I8,Library!$A$3:$A$2000,0)),"NOT FOUND")) | L8: =IF($I8="","",IFERROR(INDEX(Library!$D$3:$D$2000,MATCH($I8,Library!$A$3:$A$2000,0)),"NOT FOUND")) | M8: =IF($I8="","",IFERROR(INDEX(Library!$E$3:$E$2000,MATCH($I8,Library!$A$3:$A$2000,0)),"NOT FOUND")) | N8: =IF($I8="","",IFERROR(INDEX(Library!$F$3:$F$2000,MATCH($I8,Library!$A$3:$A$2000,0)),"NOT FOUND")) | O8: =IF($I8="","",IFERROR(INDEX(Library!$G$3:$G$2000,MATCH($I8,Library!$A$3:$A$2000,0)),"NOT FOUND")) | P8: =IF($I8="","",IFERROR(INDEX(Library!$H$3:$H$2000,MATCH($I8,Library!$A$3:$A$2000,0)),"NOT FOUND")) | Q8: =IF($I8="","",IFERROR(INDEX(Library!$I$3:$I$2000,MATCH($I8,Library!$A$3:$A$2000,0)),"NOT FOUND")) | R8: =IF($I8="","",IFERROR(INDEX(Library!$J$3:$J$2000,MATCH($I8,Library!$A$3:$A$2000,0)),"NOT FOUND")) | S8: =IF($A8="","",IFERROR($D8*$E8,"")) | T8: =IF($A8="","",IFERROR($E8/1000/$N8,"")) | U8: =IF($A8="","",IFERROR($E8/1000/$O8,""))
J9: =IF($I9="","",IFERROR(INDEX(Library!$B$3:$B$2000,MATCH($I9,Library!$A$3:$A$2000,0)),"NOT FOUND")) | K9: =IF($I9="","",IFERROR(INDEX(Library!$C$3:$C$2000,MATCH($I9,Library!$A$3:$A$2000,0)),"NOT FOUND")) | L9: =IF($I9="","",IFERROR(INDEX(Library!$D$3:$D$2000,MATCH($I9,Library!$A$3:$A$2000,0)),"NOT FOUND")) | M9: =IF($I9="","",IFERROR(INDEX(Library!$E$3:$E$2000,MATCH($I9,Library!$A$3:$A$2000,0)),"NOT FOUND")) | N9: =IF($I9="","",IFERROR(INDEX(Library!$F$3:$F$2000,MATCH($I9,Library!$A$3:$A$2000,0)),"NOT FOUND")) | O9: =IF($I9="","",IFERROR(INDEX(Library!$G$3:$G$2000,MATCH($I9,Library!$A$3:$A$2000,0)),"NOT FOUND")) | P9: =IF($I9="","",IFERROR(INDEX(Library!$H$3:$H$2000,MATCH($I9,Library!$A$3:$A$2000,0)),"NOT FOUND")) | Q9: =IF($I9="","",IFERROR(INDEX(Library!$I$3:$I$2000,MATCH($I9,Library!$A$3:$A$2000,0)),"NOT FOUND")) | R9: =IF($I9="","",IFERROR(INDEX(Library!$J$3:$J$2000,MATCH($I9,Library!$A$3:$A$2000,0)),"NOT FOUND")) | S9: =IF($A9="","",IFERROR($D9*$E9,"")) | T9: =IF($A9="","",IFERROR($E9/1000/$N9,"")) | U9: =IF($A9="","",IFERROR($E9/1000/$O9,""))
J10: =IF($I10="","",IFERROR(INDEX(Library!$B$3:$B$2000,MATCH($I10,Library!$A$3:$A$2000,0)),"NOT FOUND")) | K10: =IF($I10="","",IFERROR(INDEX(Library!$C$3:$C$2000,MATCH($I10,Library!$A$3:$A$2000,0)),"NOT FOUND")) | L10: =IF($I10="","",IFERROR(INDEX(Library!$D$3:$D$2000,MATCH($I10,Library!$A$3:$A$2000,0)),"NOT FOUND")) | M10: =IF($I10="","",IFERROR(INDEX(Library!$E$3:$E$2000,MATCH($I10,Library!$A$3:$A$2000,0)),"NOT FOUND")) | N10: =IF($I10="","",IFERROR(INDEX(Library!$F$3:$F$2000,MATCH($I10,Library!$A$3:$A$2000,0)),"NOT FOUND")) | O10: =IF($I10="","",IFERROR(INDEX(Library!$G$3:$G$2000,MATCH($I10,Library!$A$3:$A$2000,0)),"NOT FOUND")) | P10: =IF($I10="","",IFERROR(INDEX(Library!$H$3:$H$2000,MATCH($I10,Library!$A$3:$A$2000,0)),"NOT FOUND")) | Q10: =IF($I10="","",IFERROR(INDEX(Library!$I$3:$I$2000,MATCH($I10,Library!$A$3:$A$2000,0)),"NOT FOUND")) | R10: =IF($I10="","",IFERROR(INDEX(Library!$J$3:$J$2000,MATCH($I10,Library!$A$3:$A$2000,0)),"NOT FOUND")) | S10: =IF($A10="","",IFERROR($D10*$E10,"")) | T10: =IF($A10="","",IFERROR($E10/1000/$N10,"")) | U10: =IF($A10="","",IFERROR($E10/1000/$O10,""))
J11: =IF($I11="","",IFERROR(INDEX(Library!$B$3:$B$2000,MATCH($I11,Library!$A$3:$A$2000,0)),"NOT FOUND")) | K11: =IF($I11="","",IFERROR(INDEX(Library!$C$3:$C$2000,MATCH($I11,Library!$A$3:$A$2000,0)),"NOT FOUND")) | L11: =IF($I11="","",IFERROR(INDEX(Library!$D$3:$D$2000,MATCH($I11,Library!$A$3:$A$2000,0)),"NOT FOUND")) | M11: =IF($I11="","",IFERROR(INDEX(Library!$E$3:$E$2000,MATCH($I11,Library!$A$3:$A$2000,0)),"NOT FOUND")) | N11: =IF($I11="","",IFERROR(INDEX(Library!$F$3:$F$2000,MATCH($I11,Library!$A$3:$A$2000,0)),"NOT FOUND")) | O11: =IF($I11="","",IFERROR(INDEX(Library!$G$3:$G$2000,MATCH($I11,Library!$A$3:$A$2000,0)),"NOT FOUND")) | P11: =IF($I11="","",IFERROR(INDEX(Library!$H$3:$H$2000,MATCH($I11,Library!$A$3:$A$2000,0)),"NOT FOUND")) | Q11: =IF($I11="","",IFERROR(INDEX(Library!$I$3:$I$2000,MATCH($I11,Library!$A$3:$A$2000,0)),"NOT FOUND")) | R11: =IF($I11="","",IFERROR(INDEX(Library!$J$3:$J$2000,MATCH($I11,Library!$A$3:$A$2000,0)),"NOT FOUND")) | S11: =IF($A11="","",IFERROR($D11*$E11,"")) | T11: =IF($A11="","",IFERROR($E11/1000/$N11,"")) | U11: =IF($A11="","",IFERROR($E11/1000/$O11,""))
J12: =IF($I12="","",IFERROR(INDEX(Library!$B$3:$B$2000,MATCH($I12,Library!$A$3:$A$2000,0)),"NOT FOUND")) | K12: =IF($I12="","",IFERROR(INDEX(Library!$C$3:$C$2000,MATCH($I12,Library!$A$3:$A$2000,0)),"NOT FOUND")) | L12: =IF($I12="","",IFERROR(INDEX(Library!$D$3:$D$2000,MATCH($I12,Library!$A$3:$A$2000,0)),"NOT FOUND")) | M12: =IF($I12="","",IFERROR(INDEX(Library!$E$3:$E$2000,MATCH($I12,Library!$A$3:$A$2000,0)),"NOT FOUND")) | N12: =IF($I12="","",IFERROR(INDEX(Library!$F$3:$F$2000,MATCH($I12,Library!$A$3:$A$2000,0)),"NOT FOUND")) | O12: =IF($I12="","",IFERROR(INDEX(Library!$G$3:$G$2000,MATCH($I12,Library!$A$3:$A$2000,0)),"NOT FOUND")) | P12: =IF($I12="","",IFERROR(INDEX(Library!$H$3:$H$2000,MATCH($I12,Library!$A$3:$A$2000,0)),"NOT FOUND")) | Q12: =IF($I12="","",IFERROR(INDEX(Library!$I$3:$I$2000,MATCH($I12,Library!$A$3:$A$2000,0)),"NOT FOUND")) | R12: =IF($I12="","",IFERROR(INDEX(Library!$J$3:$J$2000,MATCH($I12,Library!$A$3:$A$2000,0)),"NOT FOUND")) | S12: =IF($A12="","",IFERROR($D12*$E12,"")) | T12: =IF($A12="","",IFERROR($E12/1000/$N12,"")) | U12: =IF($A12="","",IFERROR($E12/1000/$O12,""))
J13: =IF($I13="","",IFERROR(INDEX(Library!$B$3:$B$2000,MATCH($I13,Library!$A$3:$A$2000,0)),"NOT FOUND")) | K13: =IF($I13="","",IFERROR(INDEX(Library!$C$3:$C$2000,MATCH($I13,Library!$A$3:$A$2000,0)),"NOT FOUND")) | L13: =IF($I13="","",IFERROR(INDEX(Library!$D$3:$D$2000,MATCH($I13,Library!$A$3:$A$2000,0)),"NOT FOUND")) | M13: =IF($I13="","",IFERROR(INDEX(Library!$E$3:$E$2000,MATCH($I13,Library!$A$3:$A$2000,0)),"NOT FOUND")) | N13: =IF($I13="","",IFERROR(INDEX(Library!$F$3:$F$2000,MATCH($I13,Library!$A$3:$A$2000,0)),"NOT FOUND")) | O13: =IF($I13="","",IFERROR(INDEX(Library!$G$3:$G$2000,MATCH($I13,Library!$A$3:$A$2000,0)),"NOT FOUND")) | P13: =IF($I13="","",IFERROR(INDEX(Library!$H$3:$H$2000,MATCH($I13,Library!$A$3:$A$2000,0)),"NOT FOUND")) | Q13: =IF($I13="","",IFERROR(INDEX(Library!$I$3:$I$2000,MATCH($I13,Library!$A$3:$A$2000,0)),"NOT FOUND")) | R13: =IF($I13="","",IFERROR(INDEX(Library!$J$3:$J$2000,MATCH($I13,Library!$A$3:$A$2000,0)),"NOT FOUND")) | S13: =IF($A13="","",IFERROR($D13*$E13,"")) | T13: =IF($A13="","",IFERROR($E13/1000/$N13,"")) | U13: =IF($A13="","",IFERROR($E13/1000/$O13,""))
J14: =IF($I14="","",IFERROR(INDEX(Library!$B$3:$B$2000,MATCH($I14,Library!$A$3:$A$2000,0)),"NOT FOUND")) | K14: =IF($I14="","",IFERROR(INDEX(Library!$C$3:$C$2000,MATCH($I14,Library!$A$3:$A$2000,0)),"NOT FOUND")) | L14: =IF($I14="","",IFERROR(INDEX(Library!$D$3:$D$2000,MATCH($I14,Library!$A$3:$A$2000,0)),"NOT FOUND")) | M14: =IF($I14="","",IFERROR(INDEX(Library!$E$3:$E$2000,MATCH($I14,Library!$A$3:$A$2000,0)),"NOT FOUND")) | N14: =IF($I14="","",IFERROR(INDEX(Library!$F$3:$F$2000,MATCH($I14,Library!$A$3:$A$2000,0)),"NOT FOUND")) | O14: =IF($I14="","",IFERROR(INDEX(Library!$G$3:$G$2000,MATCH($I14,Library!$A$3:$A$2000,0)),"NOT FOUND")) | P14: =IF($I14="","",IFERROR(INDEX(Library!$H$3:$H$2000,MATCH($I14,Library!$A$3:$A$2000,0)),"NOT FOUND")) | Q14: =IF($I14="","",IFERROR(INDEX(Library!$I$3:$I$2000,MATCH($I14,Library!$A$3:$A$2000,0)),"NOT FOUND")) | R14: =IF($I14="","",IFERROR(INDEX(Library!$J$3:$J$2000,MATCH($I14,Library!$A$3:$A$2000,0)),"NOT FOUND")) | S14: =IF($A14="","",IFERROR($D14*$E14,"")) | T14: =IF($A14="","",IFERROR($E14/1000/$N14,"")) | U14: =IF($A14="","",IFERROR($E14/1000/$O14,""))
J15: =IF($I15="","",IFERROR(INDEX(Library!$B$3:$B$2000,MATCH($I15,Library!$A$3:$A$2000,0)),"NOT FOUND")) | K15: =IF($I15="","",IFERROR(INDEX(Library!$C$3:$C$2000,MATCH($I15,Library!$A$3:$A$2000,0)),"NOT FOUND")) | L15: =IF($I15="","",IFERROR(INDEX(Library!$D$3:$D$2000,MATCH($I15,Library!$A$3:$A$2000,0)),"NOT FOUND")) | M15: =IF($I15="","",IFERROR(INDEX(Library!$E$3:$E$2000,MATCH($I15,Library!$A$3:$A$2000,0)),"NOT FOUND")) | N15: =IF($I15="","",IFERROR(INDEX(Library!$F$3:$F$2000,MATCH($I15,Library!$A$3:$A$2000,0)),"NOT FOUND")) | O15: =IF($I15="","",IFERROR(INDEX(Library!$G$3:$G$2000,MATCH($I15,Library!$A$3:$A$2000,0)),"NOT FOUND")) | P15: =IF($I15="","",IFERROR(INDEX(Library!$H$3:$H$2000,MATCH($I15,Library!$A$3:$A$2000,0)),"NOT FOUND")) | Q15: =IF($I15="","",IFERROR(INDEX(Library!$I$3:$I$2000,MATCH($I15,Library!$A$3:$A$2000,0)),"NOT FOUND")) | R15: =IF($I15="","",IFERROR(INDEX(Library!$J$3:$J$2000,MATCH($I15,Library!$A$3:$A$2000,0)),"NOT FOUND")) | S15: =IF($A15="","",IFERROR($D15*$E15,"")) | T15: =IF($A15="","",IFERROR($E15/1000/$N15,"")) | U15: =IF($A15="","",IFERROR($E15/1000/$O15,""))
J16: =IF($I16="","",IFERROR(INDEX(Library!$B$3:$B$2000,MATCH($I16,Library!$A$3:$A$2000,0)),"NOT FOUND")) | K16: =IF($I16="","",IFERROR(INDEX(Library!$C$3:$C$2000,MATCH($I16,Library!$A$3:$A$2000,0)),"NOT FOUND")) | L16: =IF($I16="","",IFERROR(INDEX(Library!$D$3:$D$2000,MATCH($I16,Library!$A$3:$A$2000,0)),"NOT FOUND")) | M16: =IF($I16="","",IFERROR(INDEX(Library!$E$3:$E$2000,MATCH($I16,Library!$A$3:$A$2000,0)),"NOT FOUND")) | N16: =IF($I16="","",IFERROR(INDEX(Library!$F$3:$F$2000,MATCH($I16,Library!$A$3:$A$2000,0)),"NOT FOUND")) | O16: =IF($I16="","",IFERROR(INDEX(Library!$G$3:$G$2000,MATCH($I16,Library!$A$3:$A$2000,0)),"NOT FOUND")) | P16: =IF($I16="","",IFERROR(INDEX(Library!$H$3:$H$2000,MATCH($I16,Library!$A$3:$A$2000,0)),"NOT FOUND")) | Q16: =IF($I16="","",IFERROR(INDEX(Library!$I$3:$I$2000,MATCH($I16,Library!$A$3:$A$2000,0)),"NOT FOUND")) | R16: =IF($I16="","",IFERROR(INDEX(Library!$J$3:$J$2000,MATCH($I16,Library!$A$3:$A$2000,0)),"NOT FOUND")) | S16: =IF($A16="","",IFERROR($D16*$E16,"")) | T16: =IF($A16="","",IFERROR($E16/1000/$N16,"")) | U16: =IF($A16="","",IFERROR($E16/1000/$O16,""))
J17: =IF($I17="","",IFERROR(INDEX(Library!$B$3:$B$2000,MATCH($I17,Library!$A$3:$A$2000,0)),"NOT FOUND")) | K17: =IF($I17="","",IFERROR(INDEX(Library!$C$3:$C$2000,MATCH($I17,Library!$A$3:$A$2000,0)),"NOT FOUND")) | L17: =IF($I17="","",IFERROR(INDEX(Library!$D$3:$D$2000,MATCH($I17,Library!$A$3:$A$2000,0)),"NOT FOUND")) | M17: =IF($I17="","",IFERROR(INDEX(Library!$E$3:$E$2000,MATCH($I17,Library!$A$3:$A$2000,0)),"NOT FOUND")) | N17: =IF($I17="","",IFERROR(INDEX(Library!$F$3:$F$2000,MATCH($I17,Library!$A$3:$A$2000,0)),"NOT FOUND")) | O17: =IF($I17="","",IFERROR(INDEX(Library!$G$3:$G$2000,MATCH($I17,Library!$A$3:$A$2000,0)),"NOT FOUND")) | P17: =IF($I17="","",IFERROR(INDEX(Library!$H$3:$H$2000,MATCH($I17,Library!$A$3:$A$2000,0)),"NOT FOUND")) | Q17: =IF($I17="","",IFERROR(INDEX(Library!$I$3:$I$2000,MATCH($I17,Library!$A$3:$A$2000,0)),"NOT FOUND")) | R17: =IF($I17="","",IFERROR(INDEX(Library!$J$3:$J$2000,MATCH($I17,Library!$A$3:$A$2000,0)),"NOT FOUND")) | S17: =IF($A17="","",IFERROR($D17*$E17,"")) | T17: =IF($A17="","",IFERROR($E17/1000/$N17,"")) | U17: =IF($A17="","",IFERROR($E17/1000/$O17,""))
J18: =IF($I18="","",IFERROR(INDEX(Library!$B$3:$B$2000,MATCH($I18,Library!$A$3:$A$2000,0)),"NOT FOUND")) | K18: =IF($I18="","",IFERROR(INDEX(Library!$C$3:$C$2000,MATCH($I18,Library!$A$3:$A$2000,0)),"NOT FOUND")) | L18: =IF($I18="","",IFERROR(INDEX(Library!$D$3:$D$2000,MATCH($I18,Library!$A$3:$A$2000,0)),"NOT FOUND")) | M18: =IF($I18="","",IFERROR(INDEX(Library!$E$3:$E$2000,MATCH($I18,Library!$A$3:$A$2000,0)),"NOT FOUND")) | N18: =IF($I18="","",IFERROR(INDEX(Library!$F$3:$F$2000,MATCH($I18,Library!$A$3:$A$2000,0)),"NOT FOUND")) | O18: =IF($I18="","",IFERROR(INDEX(Library!$G$3:$G$2000,MATCH($I18,Library!$A$3:$A$2000,0)),"NOT FOUND")) | P18: =IF($I18="","",IFERROR(INDEX(Library!$H$3:$H$2000,MATCH($I18,Library!$A$3:$A$2000,0)),"NOT FOUND")) | Q18: =IF($I18="","",IFERROR(INDEX(Library!$I$3:$I$2000,MATCH($I18,Library!$A$3:$A$2000,0)),"NOT FOUND")) | R18: =IF($I18="","",IFERROR(INDEX(Library!$J$3:$J$2000,MATCH($I18,Library!$A$3:$A$2000,0)),"NOT FOUND")) | S18: =IF($A18="","",IFERROR($D18*$E18,"")) | T18: =IF($A18="","",IFERROR($E18/1000/$N18,"")) | U18: =IF($A18="","",IFERROR($E18/1000/$O18,""))
... J45: =IF($I45="","",IFERROR(INDEX(Library!$B$3:$B$2000,MATCH($I45,Library!$A$3:$A$2000,0)),"NOT FOUND")) | K45: =IF($I45="","",IFERROR(INDEX(Library!$C$3:$C$2000,MATCH($I45,Library!$A$3:$A$2000,0)),"NOT FOUND")) | L45: =IF($I45="","",IFERROR(INDEX(Library!$D$3:$D$2000,MATCH($I45,Library!$A$3:$A$2000,0)),"NOT FOUND")) | M45: =IF($I45="","",IFERROR(INDEX(Library!$E$3:$E$2000,MATCH($I45,Library!$A$3:$A$2000,0)),"NOT FOUND")) | N45: =IF($I45="","",IFERROR(INDEX(Library!$F$3:$F$2000,MATCH($I45,Library!$A$3:$A$2000,0)),"NOT FOUND")) | O45: =IF($I45="","",IFERROR(INDEX(Library!$G$3:$G$2000,MATCH($I45,Library!$A$3:$A$2000,0)),"NOT FOUND")) | P45: =IF($I45="","",IFERROR(INDEX(Library!$H$3:$H$2000,MATCH($I45,Library!$A$3:$A$2000,0)),"NOT FOUND")) | Q45: =IF($I45="","",IFERROR(INDEX(Library!$I$3:$I$2000,MATCH($I45,Library!$A$3:$A$2000,0)),"NOT FOUND")) | R45: =IF($I45="","",IFERROR(INDEX(Library!$J$3:$J$2000,MATCH($I45,Library!$A$3:$A$2000,0)),"NOT FOUND")) | S45: =IF($A45="","",IFERROR($D45*$E45,"")) | T45: =IF($A45="","",IFERROR($E45/1000/$N45,"")) | U45: =IF($A45="","",IFERROR($E45/1000/$O45,""))

Sheet Config
A1: Key | B1: Value
A2: EquipmentCode | B2: SUPGRILLE
A3: ScheduleName | B3: Supply Air Terminal Schedule
A4: DocumentNumber | B4: Z9A6461Y19-BOV-5_6-PROJECTNUMBER-SC-M-00000016-G00300-XX-XX
A5: Client | B5: SAMPLECLIENT
A6: Project Name | B6: SAMPLE PROJECT
A7: Project Number | B7: Z9A6461Y19
A8: Site Address
A9: Architect
A10: Main Contractor
A11: RIBA Stage | B11: Stage 4
A12: Prepared By | B12: AG
A13: Checked By | B13: LJ
A14: Approved By | B14: RS
A15: path_project_info | B15: C:\\SharePoint\\Project\\Schedules\\MAINPROJECTINFO.xlsx
A16: path_equipment_library | B16: C:\\SharePoint\\Company\\MEP Library\\EQUIPMENT_LIBRARY_MASTER.xlsx
A17: path_submissions_folder | B17: C:\\SharePoint\\Company\\MEP Library\\submissions
A18: LPHW Flow Temperature (degC) | B18: 70
A19: LPHW Return Temperature (degC) | B19: 50
A20: CHW Flow Temperature (degC) | B20: 6
A21: CHW Return Temperature (degC) | B21: 12
A22: Design Ambient Temperature (degC) | B22: 21
A23: Specific Heat Capacity of Water (kJ/kgK) | B23: 4.18
A24: EN 442 Radiator Exponent (n) | B24: 1.3
A26: Written at build time as values. 'Refresh Project Data' updates the project rows from the central MAINPROJECTINFO file.

Sheet Lists
A1: Status | C1: Revision
A2: S0 - Work in Progress | C2: P01
A3: S1 - Suitable for Coordination | C3: P02
A4: S2 - Suitable for Information | C4: P03
A5: S3 - Suitable for Review and Comment | C5: P04
A6: S4 - Suitable for Stage Approval | C6: P05
A7: S5 - Suitable for Client Acceptance | C7: P06
A8: A1 - Authorised and Accepted | C8: P07
A9: B1 - Partial Sign-off, Accepted with Comments | C9: P08
C10: P09
C11: P10
C12: P11
C13: P12
C14: P13
C15: P14
C16: P15
C17: P16
C18: P17
C19: P18
C20: P19
C21: P20
... C31: C10

Sheet Library
A1: Model Reference | B1: Manufacturer | C1: Terminal Type | D1: Face Size | E1: Neck Size | F1: Free Area | G1: Neck Area | H1: Discharge Pattern | I1: Damper Type | J1: Material / Finish
D2: mm | E2: mm | F2: m² | G2: m²
A3: SUPGRILLE-EXAMPLE-01 | B3: Trox | C3: 4-Way Square Diffuser | D3: 595 x 595 | E3: 200 | F3: 0.031 | G3: 0.0314 | H3: 4-Way Horizontal | I3: Opposed Blade | J3: Steel, RAL 9010
