Workbook
Name SETUP_LPHWF: Config!$B$18
Name SETUP_LPHWR: Config!$B$19
Name SETUP_CHWF: Config!$B$20
Name SETUP_CHWR: Config!$B$21
Name SETUP_CP: Config!$B$23
Name SETUP_N: Config!$B$24
Name SETUP_AMBIENT: Config!$B$22

Sheet Metadata
A1: Column1 | B1: Column2
A2: DocumentNumber | B2: ='Revision page'!B19
A3: ScheduleName | B3: ='Revision page'!B22
A4: Revision | B4: ='Revision page'!B14
A5: IssueDate | B5: ='Revision page'!B15
A6: Status | B6: ='Revision page'!B20
A7: StatusDescription | B7: ='Revision page'!B21
A8: EquipmentCode | B8: =Config!$B$2

Sheet Front Cover
A11: Intended for
A12: =Config!$B$5
A14: Date
A15: ='Revision page'!B15
A17: Document number
A18: ='Revision page'!B19
A20: Revision
A21: ='Revision page'!B14&" "&'Revision page'!B20
A41: =Config!$B$6
A42: AIR HANDLING UNIT SCHEDULE

Sheet Revision page
A3: =Config!$B$6
A4: AIR HANDLING UNIT SCHEDULE
A10: Project Name | B10: =Config!$B$6
A11: Project no. | B11: =Config!$B$7
A12: Recipient | B12: =Config!$B$5
A13: Document type | B13: SC
A14: Revision | B14: =IFERROR(IF(INDEX($A$42:$A$61,MAX(1,COUNTA($A$42:$A$61)))="","",IF(INDEX($A$42:$A$61,MAX(1,COUNTA($A$42:$A$61)))=0,"",INDEX($A$42:$A$61,MAX(1,COUNTA($A$42:$A$61))))),"")
A15: Date | B15: =IFERROR(IF(INDEX($C$42:$C$61,MAX(1,COUNTA($A$42:$A$61)))="","",IF(INDEX($C$42:$C$61,MAX(1,COUNTA($A$42:$A$61)))=0,"",INDEX($C$42:$C$61,MAX(1,COUNTA($A$42:$A$61))))),"")
A16: Prepared by | B16: =IFERROR(IF(INDEX($D$42:$D$61,MAX(1,COUNTA($A$42:$A$61)))="","",IF(INDEX($D$42:$D$61,MAX(1,COUNTA($A$42:$A$61)))=0,"",INDEX($D$42:$D$61,MAX(1,COUNTA($A$42:$A$61))))),"")
A17: Checked by | B17: =IFERROR(IF(INDEX($E$42:$E$61,MAX(1,COUNTA($A$42:$A$61)))="","",IF(INDEX($E$42:$E$61,MAX(1,COUNTA($A$42:$A$61)))=0,"",INDEX($E$42:$E$61,MAX(1,COUNTA($A$42:$A$61))))),"")
A18: Approved by | B18: =IFERROR(IF(INDEX($F$42:$F$61,MAX(1,COUNTA($A$42:$A$61)))="","",IF(INDEX($F$42:$F$61,MAX(1,COUNTA($A$42:$A$61)))=0,"",INDEX($F$42:$F$61,MAX(1,COUNTA($A$42:$A$61))))),"")
A19: Document no | B19: =Config!$B$4
A20: Suitability Status | B20: =IFERROR(LEFT(INDEX($B$42:$B$61,MAX(1,COUNTA($A$42:$A$61))),FIND(" -",INDEX($B$42:$B$61,MAX(1,COUNTA($A$42:$A$61))))-1),"")
A21: Suitability Description | B21: =IFERROR(MID(INDEX($B$42:$B$61,MAX(1,COUNTA($A$42:$A$61))),FIND("- ",INDEX($B$42:$B$61,MAX(1,COUNTA($A$42:$A$61))))+2,200),"")
A22: Schedule name | B22: Air Handling Unit Schedule
A24: Delref Classification | B24: G00300
A25: BSUID
A26: Trigger Events
A28: Rows 10 to 22 derive from the last completed row of the revision log below. Do not type into them.
A41: Revision | B41: Status | C41: Date | D41: Prepared by | E41: Checked by | F41: Approved by | G41: Description
A42: P01 | B42: S2 - Suitable for Information | C42: 46259 | D42: AG | E42: LJ | F42: RS | G42: First issue

Sheet Schedule
A1: Air Handling Unit Schedule
A2: General Notes: [1] This equipment schedule must be read in conjunction and in compliance with the associated drawings, specification and design risk assessment. [2] All equipment is scheduled on a performance basis. The contractor is responsible for confirming final selections with the manufacturer and for verifying that the selected equipment meets the scheduled duties. [3] Dimensions and weights are indicative and must be confirmed against manufacturer certified drawings prior to builderswork and structural sign-off. [4] Where a duty or dimension is amended, the contractor shall notify the designer before ordering. [5] Calculated columns are derived from the entered design data and the project design constants. Do not overwrite them.
A4: Unit Reference | B4: Location | C4: Area Served | D4: Supply Airflow | E4: Extract Airflow | F4: Supply External Static Pressure | G4: Extract External Static Pressure | H4: Supply Fan Power Input | I4: Extract Fan Power Input | J4: Heating Coil Duty | K4: Cooling Coil Total Duty | L4: Cooling Coil Sensible Duty | M4: Fresh Air Proportion | N4: Model Reference | O4: Manufacturer | P4: Length | Q4: Width | R4: Height | S4: Operating Weight | T4: Electrical Supply | U4: Casing Class (BS EN 1886) | V4: Supply Filter Grade | W4: Extract Filter Grade | X4: Heat Recovery Type | Y4: Heat Recovery Efficiency | Z4: Sound Power Level Breakout | AA4: LPHW Coil Connection | AB4: CHW Coil Connection | AC4: Total Airflow | AD4: Supply SFP | AE4: Extract SFP | AF4: Total SFP | AG4: LPHW Flow Rate | AH4: CHW Flow Rate
D5: l/s | E5: l/s | F5: Pa | G5: Pa | H5: W | I5: W | J5: kW | K5: kW | L5: kW | M5: % | P5: mm | Q5: mm | R5: mm | S5: kg | Y5: % | Z5: dB(A) | AA5: mm | AB5: mm | AC5: l/s | AD5: W/(l/s) | AE5: W/(l/s) | AF5: W/(l/s) | AG5: l/s | AH5: l/s
A6: AHU-01 | B6: Level 03 Plantroom | C6: Levels 01-02 Offices | D6: 2400 | E6: 2200 | F6: 300 | G6: 250 | H6: 2880 | I6: 2420 | J6: 42.5 | K6: 58 | L6: 44 | M6: 100 | N6: AHU-EXAMPLE-01 | O6: =IF($N6="","",IFERROR(INDEX(Library!$B$3:$B$2000,MATCH($N6,Library!$A$3:$A$2000,0)),"NOT FOUND")) | P6: =IF($N6="","",IFERROR(INDEX(Library!$C$3:$C$2000,MATCH($N6,Library!$A$3:$A$2000,0)),"NOT FOUND")) | Q6: =IF($N6="","",IFERROR(INDEX(Library!$D$3:$D$2000,MATCH($N6,Library!$A$3:$A$2000,0)),"NOT FOUND")) | R6: =IF($N6="","",IFERROR(INDEX(Library!$E$3:$E$2000,MATCH($N6,Library!$A$3:$A$2000,0)),"NOT FOUND")) | S6: =IF($N6="","",IFERROR(INDEX(Library!$F$3:$F$2000,MATCH($N6,Library!$A$3:$A$2000,0)),"NOT FOUND")) | T6: =IF($N6="","",IFERROR(INDEX(Library!$G$3:$G$2000,MATCH($N6,Library!$A$3:$A$2000,0)),"NOT FOUND")) | U6: =IF($N6="","",IFERROR(INDEX(Library!$H$3:$H$2000,MATCH($N6,Library!$A$3:$A$2000,0)),"NOT FOUND")) | V6: =IF($N6="","",IFERROR(INDEX(Library!$I$3:$I$2000,MATCH($N6,Library!$A$3:$A$2000,0)),"NOT FOUND")) | W6: =IF($N6="","",IFERROR(INDEX(Library!$J$3:$J$2000,MATCH($N6,Library!$A$3:$A$2000,0)),"NOT FOUND")) | X6: =IF($N6="","",IFERROR(INDEX(Library!$K$3:$K$2000,MATCH($N6,Library!$A$3:$A$2000,0)),"NOT FOUND")) | Y6: =IF($N6="","",IFERROR(INDEX(Library!$L$3:$L$2000,MATCH($N6,Library!$A$3:$A$2000,0)),"NOT FOUND")) | Z6: =IF($N6="","",IFERROR(INDEX(Library!$M$3:$M$2000,MATCH($N6,Library!$A$3:$A$2000,0)),"NOT FOUND")) | AA6: =IF($N6="","",IFERROR(INDEX(Library!$N$3:$N$2000,MATCH($N6,Library!$A$3:$A$2000,0)),"NOT FOUND")) | AB6: =IF($N6="","",IFERROR(INDEX(Library!$O$3:$O$2000,MATCH($N6,Library!$A$3:$A$2000,0)),"NOT FOUND")) | AC6: =IF($A6="","",IFERROR($D6+$E6,"")) | AD6: =IF($A6="","",IFERROR($H6/$D6,"")) | AE6: =IF($A6="","",IFERROR($I6/$E6,"")) | AF6: =IF($A6="","",IFERROR(($H6+$I6)/$D6,"")) | AG6: =IF($A6="","",IFERROR($J6/(SETUP_CP*(SETUP_LPHWF-SETUP_LPHWR)),"")) | AH6: =IF($A6="","",IFERROR($K6/(SETUP_CP*(SETUP_CHWR-SETUP_CHWF)),""))
O7: =IF($N7="","",IFERROR(INDEX(Library!$B$3:$B$2000,MATCH($N7,Library!$A$3:$A$2000,0)),"NOT FOUND")) | P7: =IF($N7="","",IFERROR(INDEX(Library!$C$3:$C$2000,MATCH($N7,Library!$A$3:$A$2000,0)),"NOT FOUND")) | Q7: =IF($N7="","",IFERROR(INDEX(Library!$D$3:$D$2000,MATCH($N7,Library!$A$3:$A$2000,0)),"NOT FOUND")) | R7: =IF($N7="","",IFERROR(INDEX(Library!$E$3:$E$2000,MATCH($N7,Library!$A$3:$A$2000,0)),"NOT FOUND")) | S7: =IF($N7="","",IFERROR(INDEX(Library!$F$3:$F$2000,MATCH($N7,Library!$A$3:$A$2000,0)),"NOT FOUND")) | T7: =IF($N7="","",IFERROR(INDEX(Library!$G$3:$G$2000,MATCH($N7,Library!$A$3:$A$2000,0)),"NOT FOUND")) | U7: =IF($N7="","",IFERROR(INDEX(Library!$H$3:$H$2000,MATCH($N7,Library!$A$3:$A$2000,0)),"NOT FOUND")) | V7: =IF($N7="","",IFERROR(INDEX(Library!$I$3:$I$2000,MATCH($N7,Library!$A$3:$A$2000,0)),"NOT FOUND")) | W7: =IF($N7="","",IFERROR(INDEX(Library!$J$3:$J$2000,MATCH($N7,Library!$A$3:$A$2000,0)),"NOT FOUND")) | X7: =IF($N7="","",IFERROR(INDEX(Library!$K$3:$K$2000,MATCH($N7,Library!$A$3:$A$2000,0)),"NOT FOUND")) | Y7: =IF($N7="","",IFERROR(INDEX(Library!$L$3:$L$2000,MATCH($N7,Library!$A$3:$A$2000,0)),"NOT FOUND")) | Z7: =IF($N7="","",IFERROR(INDEX(Library!$M$3:$M$2000,MATCH($N7,Library!$A$3:$A$2000,0)),"NOT FOUND")) | AA7: =IF($N7="","",IFERROR(INDEX(Library!$N$3:$N$2000,MATCH($N7,Library!$A$3:$A$2000,0)),"NOT FOUND")) | AB7: =IF($N7="","",IFERROR(INDEX(Library!$O$3:$O$2000,MATCH($N7,Library!$A$3:$A$2000,0)),"NOT FOUND")) | AC7: =IF($A7="","",IFERROR($D7+$E7,"")) | AD7: =IF($A7="","",IFERROR($H7/$D7,"")) | AE7: =IF($A7="","",IFERROR($I7/$E7,"")) | AF7: =IF($A7="","",IFERROR(($H7+$I7)/$D7,"")) | AG7: =IF($A7="","",IFERROR($J7/(SETUP_CP*(SETUP_LPHWF-SETUP_LPHWR)),"")) | AH7: =IF($A7="","",IFERROR($K7/(SETUP_CP*(SETUP_CHWR-SETUP_CHWF)),""))
O8: =IF($N8="","",IFERROR(INDEX(Library!$B$3:$B$2000,MATCH($N8,Library!$A$3:$A$2000,0)),"NOT FOUND")) | P8: =IF($N8="","",IFERROR(INDEX(Library!$C$3:$C$2000,MATCH($N8,Library!$A$3:$A$2000,0)),"NOT FOUND")) | Q8: =IF($N8="","",IFERROR(INDEX(Library!$D$3:$D$2000,MATCH($N8,Library!$A$3:$A$2000,0)),"NOT FOUND")) | R8: =IF($N8="","",IFERROR(INDEX(Library!$E$3:$E$2000,MATCH($N8,Library!$A$3:$A$2000,0)),"NOT FOUND")) | S8: =IF($N8="","",IFERROR(INDEX(Library!$F$3:$F$2000,MATCH($N8,Library!$A$3:$A$2000,0)),"NOT FOUND")) | T8: =IF($N8="","",IFERROR(INDEX(Library!$G$3:$G$2000,MATCH($N8,Library!$A$3:$A$2000,0)),"NOT FOUND")) | U8: =IF($N8="","",IFERROR(INDEX(Library!$H$3:$H$2000,MATCH($N8,Library!$A$3:$A$2000,0)),"NOT FOUND")) | V8: =IF($N8="","",IFERROR(INDEX(Library!$I$3:$I$2000,MATCH($N8,Library!$A$3:$A$2000,0)),"NOT FOUND")) | W8: =IF($N8="","",IFERROR(INDEX(Library!$J$3:$J$2000,MATCH($N8,Library!$A$3:$A$2000,0)),"NOT FOUND")) | X8: =IF($N8="","",IFERROR(INDEX(Library!$K$3:$K$2000,MATCH($N8,Library!$A$3:$A$2000,0)),"NOT FOUND")) | Y8: =IF($N8="","",IFERROR(INDEX(Library!$L$3:$L$2000,MATCH($N8,Library!$A$3:$A$2000,0)),"NOT FOUND")) | Z8: =IF($N8="","",IFERROR(INDEX(Library!$M$3:$M$2000,MATCH($N8,Library!$A$3:$A$2000,0)),"NOT FOUND")) | AA8: =IF($N8="","",IFERROR(INDEX(Library!$N$3:$N$2000,MATCH($N8,Library!$A$3:$A$2000,0)),"NOT FOUND")) | AB8: =IF($N8="","",IFERROR(INDEX(Library!$O$3:$O$2000,MATCH($N8,Library!$A$3:$A$2000,0)),"NOT FOUND")) | AC8: =IF($A8="","",IFERROR($D8+$E8,"")) | AD8: =IF($A8="","",IFERROR($H8/$D8,"")) | AE8: =IF($A8="","",IFERROR($I8/$E8,"")) | AF8: =IF($A8="","",IFERROR(($H8+$I8)/$D8,"")) | AG8: =IF($A8="","",IFERROR($J8/(SETUP_CP*(SETUP_LPHWF-SETUP_LPHWR)),"")) | AH8: =IF($A8="","",IFERROR($K8/(SETUP_CP*(SETUP_CHWR-SETUP_CHWF)),""))
O9: =IF($N9="","",IFERROR(INDEX(Library!$B$3:$B$2000,MATCH($N9,Library!$A$3:$A$2000,0)),"NOT FOUND")) | P9: =IF($N9="","",IFERROR(INDEX(Library!$C$3:$C$2000,MATCH($N9,Library!$A$3:$A$2000,0)),"NOT FOUND")) | Q9: =IF($N9="","",IFERROR(INDEX(Library!$D$3:$D$2000,MATCH($N9,Library!$A$3:$A$2000,0)),"NOT FOUND")) | R9: =IF($N9="","",IFERROR(INDEX(Library!$E$3:$E$2000,MATCH($N9,Library!$A$3:$A$2000,0)),"NOT FOUND")) | S9: =IF($N9="","",IFERROR(INDEX(Library!$F$3:$F$2000,MATCH($N9,Library!$A$3:$A$2000,0)),"NOT FOUND")) | T9: =IF($N9="","",IFERROR(INDEX(Library!$G$3:$G$2000,MATCH($N9,Library!$A$3:$A$2000,0)),"NOT FOUND")) | U9: =IF($N9="","",IFERROR(INDEX(Library!$H$3:$H$2000,MATCH($N9,Library!$A$3:$A$2000,0)),"NOT FOUND")) | V9: =IF($N9="","",IFERROR(INDEX(Library!$I$3:$I$2000,MATCH($N9,Library!$A$3:$A$2000,0)),"NOT FOUND")) | W9: =IF($N9="","",IFERROR(INDEX(Library!$J$3:$J$2000,MATCH($N9,Library!$A$3:$A$2000,0)),"NOT FOUND")) | X9: =IF($N9="","",IFERROR(INDEX(Library!$K$3:$K$2000,MATCH($N9,Library!$A$3:$A$2000,0)),"NOT FOUND")) | Y9: =IF($N9="","",IFERROR(INDEX(Library!$L$3:$L$2000,MATCH($N9,Library!$A$3:$A$2000,0)),"NOT FOUND")) | Z9: =IF($N9="","",IFERROR(INDEX(Library!$M$3:$M$2000,MATCH($N9,Library!$A$3:$A$2000,0)),"NOT FOUND")) | AA9: =IF($N9="","",IFERROR(INDEX(Library!$N$3:$N$2000,MATCH($N9,Library!$A$3:$A$2000,0)),"NOT FOUND")) | AB9: =IF($N9="","",IFERROR(INDEX(Library!$O$3:$O$2000,MATCH($N9,Library!$A$3:$A$2000,0)),"NOT FOUND")) | AC9: =IF($A9="","",IFERROR($D9+$E9,"")) | AD9: =IF($A9="","",IFERROR($H9/$D9,"")) | AE9: =IF($A9="","",IFERROR($I9/$E9,"")) | AF9: =IF($A9="","",IFERROR(($H9+$I9)/$D9,"")) | AG9: =IF($A9="","",IFERROR($J9/(SETUP_CP*(SETUP_LPHWF-SETUP_LPHWR)),"")) | AH9: =IF($A9="","",IFERROR($K9/(SETUP_CP*(SETUP_CHWR-SETUP_CHWF)),""))
O10: =IF($N10="","",IFERROR(INDEX(Library!$B$3:$B$2000,MATCH($N10,Library!$A$3:$A$2000,0)),"NOT FOUND")) | P10: =IF($N10="","",IFERROR(INDEX(Library!$C$3:$C$2000,MATCH($N10,Library!$A$3:$A$2000,0)),"NOT FOUND")) | Q10: =IF($N10="","",IFERROR(INDEX(Library!$D$3:$D$2000,MATCH($N10,Library!$A$3:$A$2000,0)),"NOT FOUND")) | R10: =IF($N10="","",IFERROR(INDEX(Library!$E$3:$E$2000,MATCH($N10,Library!$A$3:$A$2000,0)),"NOT FOUND")) | S10: =IF($N10="","",IFERROR(INDEX(Library!$F$3:$F$2000,MATCH($N10,Library!$A$3:$A$2000,0)),"NOT FOUND")) | T10: =IF($N10="","",IFERROR(INDEX(Library!$G$3:$G$2000,MATCH($N10,Library!$A$3:$A$2000,0)),"NOT FOUND")) | U10: =IF($N10="","",IFERROR(INDEX(Library!$H$3:$H$2000,MATCH($N10,Library!$A$3:$A$2000,0)),"NOT FOUND")) | V10: =IF($N10="","",IFERROR(INDEX(Library!$I$3:$I$2000,MATCH($N10,Library!$A$3:$A$2000,0)),"NOT FOUND")) | W10: =IF($N10="","",IFERROR(INDEX(Library!$J$3:$J$2000,MATCH($N10,Library!$A$3:$A$2000,0)),"NOT FOUND")) | X10: =IF($N10="","",IFERROR(INDEX(Library!$K$3:$K$2000,MATCH($N10,Library!$A$3:$A$2000,0)),"NOT FOUND")) | Y10: =IF($N10="","",IFERROR(INDEX(Library!$L$3:$L$2000,MATCH($N10,Library!$A$3:$A$2000,0)),"NOT FOUND")) | Z10: =IF($N10="","",IFERROR(INDEX(Library!$M$3:$M$2000,MATCH($N10,Library!$A$3:$A$2000,0)),"NOT FOUND")) | AA10: =IF($N10="","",IFERROR(INDEX(Library!$N$3:$N$2000,MATCH($N10,Library!$A$3:$A$2000,0)),"NOT FOUND")) | AB10: =IF($N10="","",IFERROR(INDEX(Library!$O$3:$O$2000,MATCH($N10,Library!$A$3:$A$2000,0)),"NOT FOUND")) | AC10: =IF($A10="","",IFERROR($D10+$E10,"")) | AD10: =IF($A10="","",IFERROR($H10/$D10,"")) | AE10: =IF($A10="","",IFERROR($I10/$E10,"")) | AF10: =IF($A10="","",IFERROR(($H10+$I10)/$D10,"")) | AG10: =IF($A10="","",IFERROR($J10/(SETUP_CP*(SETUP_LPHWF-SETUP_LPHWR)),"")) | AH10: =IF($A10="","",IFERROR($K10/(SETUP_CP*(SETUP_CHWR-SETUP_CHWF)),""))
O11: =IF($N11="","",IFERROR(INDEX(Library!$B$3:$B$2000,MATCH($N11,Library!$A$3:$A$2000,0)),"NOT FOUND")) | P11: =IF($N11="","",IFERROR(INDEX(Library!$C$3:$C$2000,MATCH($N11,Library!$A$3:$A$2000,0)),"NOT FOUND")) | Q11: =IF($N11="","",IFERROR(INDEX(Library!$D$3:$D$2000,MATCH($N11,Library!$A$3:$A$2000,0)),"NOT FOUND")) | R11: =IF($N11="","",IFERROR(INDEX(Library!$E$3:$E$2000,MATCH($N11,Library!$A$3:$A$2000,0)),"NOT FOUND")) | S11: =IF($N11="","",IFERROR(INDEX(Library!$F$3:$F$2000,MATCH($N11,Library!$A$3:$A$2000,0)),"NOT FOUND")) | T11: =IF($N11="","",IFERROR(INDEX(Library!$G$3:$G$2000,MATCH($N11,Library!$A$3:$A$2000,0)),"NOT FOUND")) | U11: =IF($N11="","",IFERROR(INDEX(Library!$H$3:$H$2000,MATCH($N11,Library!$A$3:$A$2000,0)),"NOT FOUND")) | V11: =IF($N11="","",IFERROR(INDEX(Library!$I$3:$I$2000,MATCH($N11,Library!$A$3:$A$2000,0)),"NOT FOUND")) | W11: =IF($N11="","",IFERROR(INDEX(Library!$J$3:$J$2000,MATCH($N11,Library!$A$3:$A$2000,0)),"NOT FOUND")) | X11: =IF($N11="","",IFERROR(INDEX(Library!$K$3:$K$2000,MATCH($N11,Library!$A$3:$A$2000,0)),"NOT FOUND")) | Y11: =IF($N11="","",IFERROR(INDEX(Library!$L$3:$L$2000,MATCH($N11,Library!$A$3:$A$2000,0)),"NOT FOUND")) | Z11: =IF($N11="","",IFERROR(INDEX(Library!$M$3:$M$2000,MATCH($N11,Library!$A$3:$A$2000,0)),"NOT FOUND")) | AA11: =IF($N11="","",IFERROR(INDEX(Library!$N$3:$N$2000,MATCH($N11,Library!$A$3:$A$2000,0)),"NOT FOUND")) | AB11: =IF($N11="","",IFERROR(INDEX(Library!$O$3:$O$2000,MATCH($N11,Library!$A$3:$A$2000,0)),"NOT FOUND")) | AC11: =IF($A11="","",IFERROR($D11+$E11,"")) | AD11: =IF($A11="","",IFERROR($H11/$D11,"")) | AE11: =IF($A11="","",IFERROR($I11/$E11,"")) | AF11: =IF($A11="","",IFERROR(($H11+$I11)/$D11,"")) | AG11: =IF($A11="","",IFERROR($J11/(SETUP_CP*(SETUP_LPHWF-SETUP_LPHWR)),"")) | AH11: =IF($A11="","",IFERROR($K11/(SETUP_CP*(SETUP_CHWR-SETUP_CHWF)),""))
O12: =IF($N12="","",IFERROR(INDEX(Library!$B$3:$B$2000,MATCH($N12,Library!$A$3:$A$2000,0)),"NOT FOUND")) | P12: =IF($N12="","",IFERROR(INDEX(Library!$C$3:$C$2000,MATCH($N12,Library!$A$3:$A$2000,0)),"NOT FOUND")) | Q12: =IF($N12="","",IFERROR(INDEX(Library!$D$3:$D$2000,MATCH($N12,Library!$A$3:$A$2000,0)),"NOT FOUND")) | R12: =IF($N12="","",IFERROR(INDEX(Library!$E$3:$E$2000,MATCH($N12,Library!$A$3:$A$2000,0)),"NOT FOUND")) | S12: =IF($N12="","",IFERROR(INDEX(Library!$F$3:$F$2000,MATCH($N12,Library!$A$3:$A$2000,0)),"NOT FOUND")) | T12: =IF($N12="","",IFERROR(INDEX(Library!$G$3:$G$2000,MATCH($N12,Library!$A$3:$A$2000,0)),"NOT FOUND")) | U12: =IF($N12="","",IFERROR(INDEX(Library!$H$3:$H$2000,MATCH($N12,Library!$A$3:$A$2000,0)),"NOT FOUND")) | V12: =IF($N12="","",IFERROR(INDEX(Library!$I$3:$I$2000,MATCH($N12,Library!$A$3:$A$2000,0)),"NOT FOUND")) | W12: =IF($N12="","",IFERROR(INDEX(Library!$J$3:$J$2000,MATCH($N12,Library!$A$3:$A$2000,0)),"NOT FOUND")) | X12: =IF($N12="","",IFERROR(INDEX(Library!$K$3:$K$2000,MATCH($N12,Library!$A$3:$A$2000,0)),"NOT FOUND")) | Y12: =IF($N12="","",IFERROR(INDEX(Library!$L$3:$L$2000,MATCH($N12,Library!$A$3:$A$2000,0)),"NOT FOUND")) | Z12: =IF($N12="","",IFERROR(INDEX(Library!$M$3:$M$2000,MATCH($N12,Library!$A$3:$A$2000,0)),"NOT FOUND")) | AA12: =IF($N12="","",IFERROR(INDEX(Library!$N$3:$N$2000,MATCH($N12,Library!$A$3:$A$2000,0)),"NOT FOUND")) | AB12: =IF($N12="","",IFERROR(INDEX(Library!$O$3:$O$2000,MATCH($N12,Library!$A$3:$A$2000,0)),"NOT FOUND")) | AC12: =IF($A12="","",IFERROR($D12+$E12,"")) | AD12: =IF($A12="","",IFERROR($H12/$D12,"")) | AE12: =IF($A12="","",IFERROR($I12/$E12,"")) | AF12: =IF($A12="","",IFERROR(($H12+$I12)/$D12,"")) | AG12: =IF($A12="","",IFERROR($J12/(SETUP_CP*(SETUP_LPHWF-SETUP_LPHWR)),"")) | AH12: =IF($A12="","",IFERROR($K12/(SETUP_CP*(SETUP_CHWR-SETUP_CHWF)),""))
O13: =IF($N13="","",IFERROR(INDEX(Library!$B$3:$B$2000,MATCH($N13,Library!$A$3:$A$2000,0)),"NOT FOUND")) | P13: =IF($N13="","",IFERROR(INDEX(Library!$C$3:$C$2000,MATCH($N13,Library!$A$3:$A$2000,0)),"NOT FOUND")) | Q13: =IF($N13="","",IFERROR(INDEX(Library!$D$3:$D$2000,MATCH($N13,Library!$A$3:$A$2000,0)),"NOT FOUND")) | R13: =IF($N13="","",IFERROR(INDEX(Library!$E$3:$E$2000,MATCH($N13,Library!$A$3:$A$2000,0)),"NOT FOUND")) | S13: =IF($N13="","",IFERROR(INDEX(Library!$F$3:$F$2000,MATCH($N13,Library!$A$3:$A$2000,0)),"NOT FOUND")) | T13: =IF($N13="","",IFERROR(INDEX(Library!$G$3:$G$2000,MATCH($N13,Library!$A$3:$A$2000,0)),"NOT FOUND")) | U13: =IF($N13="","",IFERROR(INDEX(Library!$H$3:$H$2000,MATCH($N13,Library!$A$3:$A$2000,0)),"NOT FOUND")) | V13: =IF($N13="","",IFERROR(INDEX(Library!$I$3:$I$2000,MATCH($N13,Library!$A$3:$A$2000,0)),"NOT FOUND")) | W13: =IF($N13="","",IFERROR(INDEX(Library!$J$3:$J$2000,MATCH($N13,Library!$A$3:$A$2000,0)),"NOT FOUND")) | X13: =IF($N13="","",IFERROR(INDEX(Library!$K$3:$K$2000,MATCH($N13,Library!$A$3:$A$2000,0)),"NOT FOUND")) | Y13: =IF($N13="","",IFERROR(INDEX(Library!$L$3:$L$2000,MATCH($N13,Library!$A$3:$A$2000,0)),"NOT FOUND")) | Z13: =IF($N13="","",IFERROR(INDEX(Library!$M$3:$M$2000,MATCH($N13,Library!$A$3:$A$2000,0)),"NOT FOUND")) | AA13: =IF($N13="","",IFERROR(INDEX(Library!$N$3:$N$2000,MATCH($N13,Library!$A$3:$A$2000,0)),"NOT FOUND")) | AB13: =IF($N13="","",IFERROR(INDEX(Library!$O$3:$O$2000,MATCH($N13,Library!$A$3:$A$2000,0)),"NOT FOUND")) | AC13: =IF($A13="","",IFERROR($D13+$E13,"")) | AD13: =IF($A13="","",IFERROR($H13/$D13,"")) | AE13: =IF($A13="","",IFERROR($I13/$E13,"")) | AF13: =IF($A13="","",IFERROR(($H13+$I13)/$D13,"")) | AG13: =IF($A13="","",IFERROR($J13/(SETUP_CP*(SETUP_LPHWF-SETUP_LPHWR)),"")) | AH13: =IF($A13="","",IFERROR($K13/(SETUP_CP*(SETUP_CHWR-SETUP_CHWF)),""))
O14: =IF($N14="","",IFERROR(INDEX(Library!$B$3:$B$2000,MATCH($N14,Library!$A$3:$A$2000,0)),"NOT FOUND")) | P14: =IF($N14="","",IFERROR(INDEX(Library!$C$3:$C$2000,MATCH($N14,Library!$A$3:$A$2000,0)),"NOT FOUND")) | Q14: =IF($N14="","",IFERROR(INDEX(Library!$D$3:$D$2000,MATCH($N14,Library!$A$3:$A$2000,0)),"NOT FOUND")) | R14: =IF($N14="","",IFERROR(INDEX(Library!$E$3:$E$2000,MATCH($N14,Library!$A$3:$A$2000,0)),"NOT FOUND")) | S14: =IF($N14="","",IFERROR(INDEX(Library!$F$3:$F$2000,MATCH($N14,Library!$A$3:$A$2000,0)),"NOT FOUND")) | T14: =IF($N14="","",IFERROR(INDEX(Library!$G$3:$G$2000,MATCH($N14,Library!$A$3:$A$2000,0)),"NOT FOUND")) | U14: =IF($N14="","",IFERROR(INDEX(Library!$H$3:$H$2000,MATCH($N14,Library!$A$3:$A$2000,0)),"NOT FOUND")) | V14: =IF($N14="","",IFERROR(INDEX(Library!$I$3:$I$2000,MATCH($N14,Library!$A$3:$A$2000,0)),"NOT FOUND")) | W14: =IF($N14="","",IFERROR(INDEX(Library!$J$3:$J$2000,MATCH($N14,Library!$A$3:$A$2000,0)),"NOT FOUND")) | X14: =IF($N14="","",IFERROR(INDEX(Library!$K$3:$K$2000,MATCH($N14,Library!$A$3:$A$2000,0)),"NOT FOUND")) | Y14: =IF($N14="","",IFERROR(INDEX(Library!$L$3:$L$2000,MATCH($N14,Library!$A$3:$A$2000,0)),"NOT FOUND")) | Z14: =IF($N14="","",IFERROR(INDEX(Library!$M$3:$M$2000,MATCH($N14,Library!$A$3:$A$2000,0)),"NOT FOUND")) | AA14: =IF($N14="","",IFERROR(INDEX(Library!$N$3:$N$2000,MATCH($N14,Library!$A$3:$A$2000,0)),"NOT FOUND")) | AB14: =IF($N14="","",IFERROR(INDEX(Library!$O$3:$O$2000,MATCH($N14,Library!$A$3:$A$2000,0)),"NOT FOUND")) | AC14: =IF($A14="","",IFERROR($D14+$E14,"")) | AD14: =IF($A14="","",IFERROR($H14/$D14,"")) | AE14: =IF($A14="","",IFERROR($I14/$E14,"")) | AF14: =IF($A14="","",IFERROR(($H14+$I14)/$D14,"")) | AG14: =IF($A14="","",IFERROR($J14/(SETUP_CP*(SETUP_LPHWF-SETUP_LPHWR)),"")) | AH14: =IF($A14="","",IFERROR($K14/(SETUP_CP*(SETUP_CHWR-SETUP_CHWF)),""))
O15: =IF($N15="","",IFERROR(INDEX(Library!$B$3:$B$2000,MATCH($N15,Library!$A$3:$A$2000,0)),"NOT FOUND")) | P15: =IF($N15="","",IFERROR(INDEX(Library!$C$3:$C$2000,MATCH($N15,Library!$A$3:$A$2000,0)),"NOT FOUND")) | Q15: =IF($N15="","",IFERROR(INDEX(Library!$D$3:$D$2000,MATCH($N15,Library!$A$3:$A$2000,0)),"NOT FOUND")) | R15: =IF($N15="","",IFERROR(INDEX(Library!$E$3:$E$2000,MATCH($N15,Library!$A$3:$A$2000,0)),"NOT FOUND")) | S15: =IF($N15="","",IFERROR(INDEX(Library!$F$3:$F$2000,MATCH($N15,Library!$A$3:$A$2000,0)),"NOT FOUND")) | T15: =IF($N15="","",IFERROR(INDEX(Library!$G$3:$G$2000,MATCH($N15,Library!$A$3:$A$2000,0)),"NOT FOUND")) | U15: =IF($N15="","",IFERROR(INDEX(Library!$H$3:$H$2000,MATCH($N15,Library!$A$3:$A$2000,0)),"NOT FOUND")) | V15: =IF($N15="","",IFERROR(INDEX(Library!$I$3:$I$2000,MATCH($N15,Library!$A$3:$A$2000,0)),"NOT FOUND")) | W15: =IF($N15="","",IFERROR(INDEX(Library!$J$3:$J$2000,MATCH($N15,Library!$A$3:$A$2000,0)),"NOT FOUND")) | X15: =IF($N15="","",IFERROR(INDEX(Library!$K$3:$K$2000,MATCH($N15,Library!$A$3:$A$2000,0)),"NOT FOUND")) | Y15: =IF($N15="","",IFERROR(INDEX(Library!$L$3:$L$2000,MATCH($N15,Library!$A$3:$A$2000,0)),"NOT FOUND")) | Z15: =IF($N15="","",IFERROR(INDEX(Library!$M$3:$M$2000,MATCH($N15,Library!$A$3:$A$2000,0)),"NOT FOUND")) | AA15: =IF($N15="","",IFERROR(INDEX(Library!$N$3:$N$2000,MATCH($N15,Library!$A$3:$A$2000,0)),"NOT FOUND")) | AB15: =IF($N15="","",IFERROR(INDEX(Library!$O$3:$O$2000,MATCH($N15,Library!$A$3:$A$2000,0)),"NOT FOUND")) | AC15: =IF($A15="","",IFERROR($D15+$E15,"")) | AD15: =IF($A15="","",IFERROR($H15/$D15,"")) | AE15: =IF($A15="","",IFERROR($I15/$E15,"")) | AF15: =IF($A15="","",IFERROR(($H15+$I15)/$D15,"")) | AG15: =IF($A15="","",IFERROR($J15/(SETUP_CP*(SETUP_LPHWF-SETUP_LPHWR)),"")) | AH15: =IF($A15="","",IFERROR($K15/(SETUP_CP*(SETUP_CHWR-SETUP_CHWF)),""))
O16: =IF($N16="","",IFERROR(INDEX(Library!$B$3:$B$2000,MATCH($N16,Library!$A$3:$A$2000,0)),"NOT FOUND")) | P16: =IF($N16="","",IFERROR(INDEX(Library!$C$3:$C$2000,MATCH($N16,Library!$A$3:$A$2000,0)),"NOT FOUND")) | Q16: =IF($N16="","",IFERROR(INDEX(Library!$D$3:$D$2000,MATCH($N16,Library!$A$3:$A$2000,0)),"NOT FOUND")) | R16: =IF($N16="","",IFERROR(INDEX(Library!$E$3:$E$2000,MATCH($N16,Library!$A$3:$A$2000,0)),"NOT FOUND")) | S16: =IF($N16="","",IFERROR(INDEX(Library!$F$3:$F$2000,MATCH($N16,Library!$A$3:$A$2000,0)),"NOT FOUND")) | T16: =IF($N16="","",IFERROR(INDEX(Library!$G$3:$G$2000,MATCH($N16,Library!$A$3:$A$2000,0)),"NOT FOUND")) | U16: =IF($N16="","",IFERROR(INDEX(Library!$H$3:$H$2000,MATCH($N16,Library!$A$3:$A$2000,0)),"NOT FOUND")) | V16: =IF($N16="","",IFERROR(INDEX(Library!$I$3:$I$2000,MATCH($N16,Library!$A$3:$A$2000,0)),"NOT FOUND")) | W16: =IF($N16="","",IFERROR(INDEX(Library!$J$3:$J$2000,MATCH($N16,Library!$A$3:$A$2000,0)),"NOT FOUND")) | X16: =IF($N16="","",IFERROR(INDEX(Library!$K$3:$K$2000,MATCH($N16,Library!$A$3:$A$2000,0)),"NOT FOUND")) | Y16: =IF($N16="","",IFERROR(INDEX(Library!$L$3:$L$2000,MATCH($N16,Library!$A$3:$A$2000,0)),"NOT FOUND")) | Z16: =IF($N16="","",IFERROR(INDEX(Library!$M$3:$M$2000,MATCH($N16,Library!$A$3:$A$2000,0)),"NOT FOUND")) | AA16: =IF($N16="","",IFERROR(INDEX(Library!$N$3:$N$2000,MATCH($N16,Library!$A$3:$A$2000,0)),"NOT FOUND")) | AB16: =IF($N16="","",IFERROR(INDEX(Library!$O$3:$O$2000,MATCH($N16,Library!$A$3:$A$2000,0)),"NOT FOUND")) | AC16: =IF($A16="","",IFERROR($D16+$E16,"")) | AD16: =IF($A16="","",IFERROR($H16/$D16,"")) | AE16: =IF($A16="","",IFERROR($I16/$E16,"")) | AF16: =IF($A16="","",IFERROR(($H16+$I16)/$D16,"")) | AG16: =IF($A16="","",IFERROR($J16/(SETUP_CP*(SETUP_LPHWF-SETUP_LPHWR)),"")) | AH16: =IF($A16="","",IFERROR($K16/(SETUP_CP*(SETUP_CHWR-SETUP_CHWF)),""))
O17: =IF($N17="","",IFERROR(INDEX(Library!$B$3:$B$2000,MATCH($N17,Library!$A$3:$A$2000,0)),"NOT FOUND")) | P17: =IF($N17="","",IFERROR(INDEX(Library!$C$3:$C$2000,MATCH($N17,Library!$A$3:$A$2000,0)),"NOT FOUND")) | Q17: =IF($N17="","",IFERROR(INDEX(Library!$D$3:$D$2000,MATCH($N17,Library!$A$3:$A$2000,0)),"NOT FOUND")) | R17: =IF($N17="","",IFERROR(INDEX(Library!$E$3:$E$2000,MATCH($N17,Library!$A$3:$A$2000,0)),"NOT FOUND")) | S17: =IF($N17="","",IFERROR(INDEX(Library!$F$3:$F$2000,MATCH($N17,Library!$A$3:$A$2000,0)),"NOT FOUND")) | T17: =IF($N17="","",IFERROR(INDEX(Library!$G$3:$G$2000,MATCH($N17,Library!$A$3:$A$2000,0)),"NOT FOUND")) | U17: =IF($N17="","",IFERROR(INDEX(Library!$H$3:$H$2000,MATCH($N17,Library!$A$3:$A$2000,0)),"NOT FOUND")) | V17: =IF($N17="","",IFERROR(INDEX(Library!$I$3:$I$2000,MATCH($N17,Library!$A$3:$A$2000,0)),"NOT FOUND")) | W17: =IF($N17="","",IFERROR(INDEX(Library!$J$3:$J$2000,MATCH($N17,Library!$A$3:$A$2000,0)),"NOT FOUND")) | X17: =IF($N17="","",IFERROR(INDEX(Library!$K$3:$K$2000,MATCH($N17,Library!$A$3:$A$2000,0)),"NOT FOUND")) | Y17: =IF($N17="","",IFERROR(INDEX(Library!$L$3:$L$2000,MATCH($N17,Library!$A$3:$A$2000,0)),"NOT FOUND")) | Z17: =IF($N17="","",IFERROR(INDEX(Library!$M$3:$M$2000,MATCH($N17,Library!$A$3:$A$2000,0)),"NOT FOUND")) | AA17: =IF($N17="","",IFERROR(INDEX(Library!$N$3:$N$2000,MATCH($N17,Library!$A$3:$A$2000,0)),"NOT FOUND")) | AB17: =IF($N17="","",IFERROR(INDEX(Library!$O$3:$O$2000,MATCH($N17,Library!$A$3:$A$2000,0)),"NOT FOUND")) | AC17: =IF($A17="","",IFERROR($D17+$E17,"")) | AD17: =IF($A17="","",IFERROR($H17/$D17,"")) | AE17: =IF($A17="","",IFERROR($I17/$E17,"")) | AF17: =IF($A17="","",IFERROR(($H17+$I17)/$D17,"")) | AG17: =IF($A17="","",IFERROR($J17/(SETUP_CP*(SETUP_LPHWF-SETUP_LPHWR)),"")) | AH17: =IF($A17="","",IFERROR($K17/(SETUP_CP*(SETUP_CHWR-SETUP_CHWF)),""))
O18: =IF($N18="","",IFERROR(INDEX(Library!$B$3:$B$2000,MATCH($N18,Library!$A$3:$A$2000,0)),"NOT FOUND")) | P18: =IF($N18="","",IFERROR(INDEX(Library!$C$3:$C$2000,MATCH($N18,Library!$A$3:$A$2000,0)),"NOT FOUND")) | Q18: =IF($N18="","",IFERROR(INDEX(Library!$D$3:$D$2000,MATCH($N18,Library!$A$3:$A$2000,0)),"NOT FOUND")) | R18: =IF($N18="","",IFERROR(INDEX(Library!$E$3:$E$2000,MATCH($N18,Library!$A$3:$A$2000,0)),"NOT FOUND")) | S18: =IF($N18="","",IFERROR(INDEX(Library!$F$3:$F$2000,MATCH($N18,Library!$A$3:$A$2000,0)),"NOT FOUND")) | T18: =IF($N18="","",IFERROR(INDEX(Library!$G$3:$G$2000,MATCH($N18,Library!$A$3:$A$2000,0)),"NOT FOUND")) | U18: =IF($N18="","",IFERROR(INDEX(Library!$H$3:$H$2000,MATCH($N18,Library!$A$3:$A$2000,0)),"NOT FOUND")) | V18: =IF($N18="","",IFERROR(INDEX(Library!$I$3:$I$2000,MATCH($N18,Library!$A$3:$A$2000,0)),"NOT FOUND")) | W18: =IF($N18="","",IFERROR(INDEX(Library!$J$3:$J$2000,MATCH($N18,Library!$A$3:$A$2000,0)),"NOT FOUND")) | X18: =IF($N18="","",IFERROR(INDEX(Library!$K$3:$K$2000,MATCH($N18,Library!$A$3:$A$2000,0)),"NOT FOUND")) | Y18: =IF($N18="","",IFERROR(INDEX(Library!$L$3:$L$2000,MATCH($N18,Library!$A$3:$A$2000,0)),"NOT FOUND")) | Z18: =IF($N18="","",IFERROR(INDEX(Library!$M$3:$M$2000,MATCH($N18,Library!$A$3:$A$2000,0)),"NOT FOUND")) | AA18: =IF($N18="","",IFERROR(INDEX(Library!$N$3:$N$2000,MATCH($N18,Library!$A$3:$A$2000,0)),"NOT FOUND")) | AB18: =IF($N18="","",IFERROR(INDEX(Library!$O$3:$O$2000,MATCH($N18,Library!$A$3:$A$2000,0)),"NOT FOUND")) | AC18: =IF($A18="","",IFERROR($D18+$E18,"")) | AD18: =IF($A18="","",IFERROR($H18/$D18,"")) | AE18: =IF($A18="","",IFERROR($I18/$E18,"")) | AF18: =IF($A18="","",IFERROR(($H18+$I18)/$D18,"")) | AG18: =IF($A18="","",IFERROR($J18/(SETUP_CP*(SETUP_LPHWF-SETUP_LPHWR)),"")) | AH18: =IF($A18="","",IFERROR($K18/(SETUP_CP*(SETUP_CHWR-SETUP_CHWF)),""))
... O45: =IF($N45="","",IFERROR(INDEX(Library!$B$3:$B$2000,MATCH($N45,Library!$A$3:$A$2000,0)),"NOT FOUND")) | P45: =IF($N45="","",IFERROR(INDEX(Library!$C$3:$C$2000,MATCH($N45,Library!$A$3:$A$2000,0)),"NOT FOUND")) | Q45: =IF($N45="","",IFERROR(INDEX(Library!$D$3:$D$2000,MATCH($N45,Library!$A$3:$A$2000,0)),"NOT FOUND")) | R45: =IF($N45="","",IFERROR(INDEX(Library!$E$3:$E$2000,MATCH($N45,Library!$A$3:$A$2000,0)),"NOT FOUND")) | S45: =IF($N45="","",IFERROR(INDEX(Library!$F$3:$F$2000,MATCH($N45,Library!$A$3:$A$2000,0)),"NOT FOUND")) | T45: =IF($N45="","",IFERROR(INDEX(Library!$G$3:$G$2000,MATCH($N45,Library!$A$3:$A$2000,0)),"NOT FOUND")) | U45: =IF($N45="","",IFERROR(INDEX(Library!$H$3:$H$2000,MATCH($N45,Library!$A$3:$A$2000,0)),"NOT FOUND")) | V45: =IF($N45="","",IFERROR(INDEX(Library!$I$3:$I$2000,MATCH($N45,Library!$A$3:$A$2000,0)),"NOT FOUND")) | W45: =IF($N45="","",IFERROR(INDEX(Library!$J$3:$J$2000,MATCH($N45,Library!$A$3:$A$2000,0)),"NOT FOUND")) | X45: =IF($N45="","",IFERROR(INDEX(Library!$K$3:$K$2000,MATCH($N45,Library!$A$3:$A$2000,0)),"NOT FOUND")) | Y45: =IF($N45="","",IFERROR(INDEX(Library!$L$3:$L$2000,MATCH($N45,Library!$A$3:$A$2000,0)),"NOT FOUND")) | Z45: =IF($N45="","",IFERROR(INDEX(Library!$M$3:$M$2000,MATCH($N45,Library!$A$3:$A$2000,0)),"NOT FOUND")) | AA45: =IF($N45="","",IFERROR(INDEX(Library!$N$3:$N$2000,MATCH($N45,Library!$A$3:$A$2000,0)),"NOT FOUND")) | AB45: =IF($N45="","",IFERROR(INDEX(Library!$O$3:$O$2000,MATCH($N45,Library!$A$3:$A$2000,0)),"NOT FOUND")) | AC45: =IF($A45="","",IFERROR($D45+$E45,"")) | AD45: =IF($A45="","",IFERROR($H45/$D45,"")) | AE45: =IF($A45="","",IFERROR($I45/$E45,"")) | AF45: =IF($A45="","",IFERROR(($H45+$I45)/$D45,"")) | AG45: =IF($A45="","",IFERROR($J45/(SETUP_CP*(SETUP_LPHWF-SETUP_LPHWR)),"")) | AH45: =IF($A45="","",IFERROR($K45/(SETUP_CP*(SETUP_CHWR-SETUP_CHWF)),""))

Sheet Config
A1: Key | B1: Value
A2: EquipmentCode | B2: AHU
A3: ScheduleName | B3: Air Handling Unit Schedule
A4: DocumentNumber | B4: Z9A6461Y19-BOV-5_6-PROJECTNUMBER-SC-M-00000011-G00300-XX-XX
A5: Client | B5: SAMPLECLIENT
A6: Project Name | B6: SAMPLE PROJECT
A7: Project Number | B7: Z9A6461Y19
A8: Site Address
A9: Architect
A10: Main Contractor
A11: RIBA Stage | B11: Stage 4
A12: Prepared By | B12: AG
A13: Checked By | B13: LJ
A14: Approved By | B14: RS
A15: path_project_info | B15: C:\\SharePoint\\Project\\Schedules\\MAINPROJECTINFO.xlsx
A16: path_equipment_library | B16: C:\\SharePoint\\Company\\MEP Library\\EQUIPMENT_LIBRARY_MASTER.xlsx
A17: path_submissions_folder | B17: C:\\SharePoint\\Company\\MEP Library\\submissions
A18: LPHW Flow Temperature (degC) | B18: 70
A19: LPHW Return Temperature (degC) | B19: 50
A20: CHW Flow Temperature (degC) | B20: 6
A21: CHW Return Temperature (degC) | B21: 12
A22: Design Ambient Temperature (degC) | B22: 21
A23: Specific Heat Capacity of Water (kJ/kgK) | B23: 4.18
A24: EN 442 Radiator Exponent (n) | B24: 1.3
A26: Written at build time as values. 'Refresh Project Data' updates the project rows from the central MAINPROJECTINFO file.

Sheet Lists
A1: Status | C1: Revision
A2: S0 - Work in Progress | C2: P01
A3: S1 - Suitable for Coordination | C3: P02
A4: S2 - Suitable for Information | C4: P03
A5: S3 - Suitable for Review and Comment | C5: P04
A6: S4 - Suitable for Stage Approval | C6: P05
A7: S5 - Suitable for Client Acceptance | C7: P06
A8: A1 - Authorised and Accepted | C8: P07
A9: B1 - Partial Sign-off, Accepted with Comments | C9: P08
C10: P09
C11: P10
C12: P11
C13: P12
C14: P13
C15: P14
C16: P15
C17: P16
C18: P17
C19: P18
C20: P19
C21: P20
... C31: C10

Sheet Library
A1: Model Reference | B1: Manufacturer | C1: Length | D1: Width | E1: Height | F1: Operating Weight | G1: Electrical Supply | H1: Casing Class (BS EN 1886) | I1: Supply Filter Grade | J1: Extract Filter Grade | K1: Heat Recovery Type | L1: Heat Recovery Efficiency | M1: Sound Power Level Breakout | N1: LPHW Coil Connection | O1: CHW Coil Connection
C2: mm | D2: mm | E2: mm | F2: kg | L2: % | M2: dB(A) | N2: mm | O2: mm
A3: AHU-EXAMPLE-01 | B3: Nuaire | C3: 4200 | D3: 1600 | E3: 1800 | F3: 1450 | G3: 400V/3ph/50Hz | H3: T2/TB2/L1/F9 | I3: ISO ePM1 60% | J3: ISO ePM10 50% | K3: Thermal Wheel | L3: 78 | M3: 68 | N3: 40 | O3: 50
